sm_fixture_id,bt2_event_id,toa_event_id,request_url,http_status,provider_snapshot_time,provider_last_update,ingested_at,market,region,bookmaker_sample,outcomes_decimal_summary,classification,payload_summary
19134546,24509,af045460b8a0106fdf9368efbbbf9456,https://api.the-odds-api.com/v4/historical/sports/soccer_epl/events/af045460b8a0106fdf9368efbbbf9456/odds,200,2025-02-12T18:25:39Z,,2026-04-27T06:43:59.507639+00:00,h2h,us,bovada,Everton:6.25;Liverpool:1.48;Draw:4.7,matched_with_odds_t60,"{""timestamp"": ""2025-02-12T18:25:39Z"", ""previous_timestamp"": ""2025-02-12T18:20:39Z"", ""next_timestamp"": ""2025-02-12T18:30:39Z"", ""data"": {""id"": ""af045460b8a0106fdf9368efbbbf9456"", ""sport_key"": ""soccer_epl"", ""sport_title"": ""EPL"", ""commence_time"": ""2025-02-12T19:30:00Z"", ""home_team"": ""Everton"", ""away_team"": ""Liverpool"", ""bookmakers"": [{""key"": ""bovada"", ""title"": ""Bovada"", ""last_update"": ""2025-02-12T18:24:13Z"", ""markets"": [{""key"": ""h2h"", ""last_update"": ""2025-02-12T18:24:13Z"", ""outcomes"": [{""name"": ""Everton"", ""price"": 6.25}, {""name"": ""Liverpool"", ""price"": 1.48}, {""name"": ""Draw"", ""price"": 4.7}]}]}, {""key"": ""fanduel"", ""title"": ""FanDuel"", ""last_update"": ""2025-02-12T18:24:18Z"", ""markets"": [{""key"": ""h2h"", ""last_update"": ""2025-02-12T18:24:18Z"", ""outcomes"": [{""name"": ""Everton"", ""price"": 6.5}, {""name"": ""Liverpool"", ""price"": 1.48}, {""name"": ""Draw"", ""price"": 4.4}]}]}, {""key"": ""mybookieag"", ""title"": ""MyBookie.ag"", ""last_update"": ""2025-02-12T18:22:23Z"", ""markets"": [{""key"": ""h2h"", ""last_update"": ""2025-02-12T18:22:23Z"", ""outcomes"": [{""name"": ""Everton"", ""price"": 6.3}, {""name"": ""Liverpool"", ""price"": 1.49}, {""name"": ""Draw"", ""price"": 4.5}]}]}, {""key"": ""draftkings"", ""title"": ""DraftKings"", ""last_update"": ""2025-02-12T18:24:14Z"", ""markets"": [{""key"": ""h2h"", ""last_update"": ""2025-02-12T18:24:14Z"", ""outcomes"": [{""name"": ""Everton"", ""price"": 7.0}, {""name"": ""Liverpool"", ""price"": 1.48}, {""name"": ""Draw"", ""price"": 4.5}]}]}, {""key"": ""betrivers"", ""title"": ""BetRivers"", ""last_update"": ""2025-02-12T18:24:17Z"", ""markets"": [{""key"": ""h2h"", ""last_update"": ""2025-02-12T18:24:17Z"", ""outcomes"": [{""name"": ""Everton"", ""price"": 7.5}, {""name"": ""Liverpool"", ""price"": 1.42}, {""name"": ""Draw"", ""price"": 4.6}]}]}, {""key"": ""lowvig"", ""title"": ""LowVig.ag"", ""last_update"": ""2025-02-12T18:24:14Z"", ""markets"": [{""key"": ""h2h"", ""last_update"": ""2025-02-12T18:24:14Z"", ""outcomes"": [{""name"": ""Everton"", ""price"": 6.9}, {""name"": ""Liverpool"", ""price"": 1.5}, {""name"": ""Draw"", ""price"": 4.48}]}]}, {""key"": ""betonlineag"", ""title"": ""BetOnline.ag"", ""last_update"": ""2025-02-12T18:24:13Z"", ""markets"": [{""key"": ""h2h"", ""last_update"": ""2025-02-12T18:24:13Z"", ""outcomes"": [{""name"": ""Everton"", ""price"": 6.9}, {""name"": ""Liverpool"", ""price"": 1.5}, {""name"": ""Draw"", ""price"": 4.48}]}]}, {""key"": ""fanatics"", ""title"": ""Fanatics"", ""last_update"": ""2025-02-12T18:24:16Z"", ""markets"": [{""key"": ""h2h"", ""last_update"": ""2025-02-12T18:24:16Z"", ""outcomes"": [{""name"": ""Everton"", ""price"": 7.0}, {""name"": ""Liverpool"", ""price"": 1.44}, {""name"": ""Draw"", ""price"": 4.5}]}]}, {""key"": ""betus"", ""title"": ""BetUS"", ""last_update"": ""2025-02-12T18:24:15Z"", ""markets"": [{""key"": ""h2h"", ""last_update"": ""2025-02-12T18:24:15Z"", ""outcomes"": [{""name"": ""Everton"", ""price"": 7.6}, {""name"": ""Liverpool"", ""price"": 1.45}, {""name"": ""Draw"", ""price"": 4.55}]}]}]}}"
19154681,30924,c4819a5f68e6e9983be72d75d42d6f5f,https://api.the-odds-api.com/v4/historical/sports/soccer_germany_bundesliga/events/c4819a5f68e6e9983be72d75d42d6f5f/odds,200,2025-01-10T18:40:38Z,,2026-04-27T06:44:00.713861+00:00,h2h,us,fanduel,Bayer Leverkusen:1.95;Borussia Dortmund:3.5;Draw:3.6,matched_with_odds_t60,"{""timestamp"": ""2025-01-10T18:40:38Z"", ""previous_timestamp"": ""2025-01-10T18:35:39Z"", ""next_timestamp"": ""2025-01-10T18:45:38Z"", ""data"": {""id"": ""c4819a5f68e6e9983be72d75d42d6f5f"", ""sport_key"": ""soccer_germany_bundesliga"", ""sport_title"": ""Bundesliga - Germany"", ""commence_time"": ""2025-01-10T19:30:00Z"", ""home_team"": ""Borussia Dortmund"", ""away_team"": ""Bayer Leverkusen"", ""bookmakers"": [{""key"": ""fanduel"", ""title"": ""FanDuel"", ""last_update"": ""2025-01-10T18:40:16Z"", ""markets"": [{""key"": ""h2h"", ""last_update"": ""2025-01-10T18:40:16Z"", ""outcomes"": [{""name"": ""Bayer Leverkusen"", ""price"": 1.95}, {""name"": ""Borussia Dortmund"", ""price"": 3.5}, {""name"": ""Draw"", ""price"": 3.6}]}]}, {""key"": ""bovada"", ""title"": ""Bovada"", ""last_update"": ""2025-01-10T18:40:15Z"", ""markets"": [{""key"": ""h2h"", ""last_update"": ""2025-01-10T18:40:15Z"", ""outcomes"": [{""name"": ""Bayer Leverkusen"", ""price"": 2.4}, {""name"": ""Borussia Dortmund"", ""price"": 2.8}, {""name"": ""Draw"", ""price"": 3.55}]}]}, {""key"": ""draftkings"", ""title"": ""DraftKings"", ""last_update"": ""2025-01-10T18:40:16Z"", ""markets"": [{""key"": ""h2h"", ""last_update"": ""2025-01-10T18:40:16Z"", ""outcomes"": [{""name"": ""Bayer Leverkusen"", ""price"": 1.95}, {""name"": ""Borussia Dortmund"", ""price"": 3.4}, {""name"": ""Draw"", ""price"": 3.6}]}]}, {""key"": ""betrivers"", ""title"": ""BetRivers"", ""last_update"": ""2025-01-10T18:40:16Z"", ""markets"": [{""key"": ""h2h"", ""last_update"": ""2025-01-10T18:40:16Z"", ""outcomes"": [{""name"": ""Bayer Leverkusen"", ""price"": 1.93}, {""name"": ""Borussia Dortmund"", ""price"": 3.6}, {""name"": ""Draw"", ""price"": 3.6}]}]}, {""key"": ""betmgm"", ""title"": ""BetMGM"", ""last_update"": ""2025-01-10T18:40:16Z"", ""markets"": [{""key"": ""h2h"", ""last_update"": ""2025-01-10T18:40:16Z"", ""outcomes"": [{""name"": ""Bayer Leverkusen"", ""price"": 1.95}, {""name"": ""Borussia Dortmund"", ""price"": 3.6}, {""name"": ""Draw"", ""price"": 3.7}]}]}, {""key"": ""betonlineag"", ""title"": ""BetOnline.ag"", ""last_update"": ""2025-01-10T18:40:15Z"", ""markets"": [{""key"": ""h2h"", ""last_update"": ""2025-01-10T18:40:15Z"", ""outcomes"": [{""name"": ""Bayer Leverkusen"", ""price"": 1.93}, {""name"": ""Borussia Dortmund"", ""price"": 3.81}, {""name"": ""Draw"", ""price"": 3.91}]}]}, {""key"": ""lowvig"", ""title"": ""LowVig.ag"", ""last_update"": ""2025-01-10T18:40:16Z"", ""markets"": [{""key"": ""h2h"", ""last_update"": ""2025-01-10T18:40:16Z"", ""outcomes"": [{""name"": ""Bayer Leverkusen"", ""price"": 1.93}, {""name"": ""Borussia Dortmund"", ""price"": 3.81}, {""name"": ""Draw"", ""price"": 3.91}]}]}, {""key"": ""betus"", ""title"": ""BetUS"", ""last_update"": ""2025-01-10T18:40:16Z"", ""markets"": [{""key"": ""h2h"", ""last_update"": ""2025-01-10T18:40:16Z"", ""outcomes"": [{""name"": ""Bayer Leverkusen"", ""price"": 1.91}, {""name"": ""Borussia Dortmund"", ""price"": 3.55}, {""name"": ""Draw"", ""price"": 3.75}]}]}]}}"
19139842,27108,1486410b980cea4bd274b2eedda6a486,https://api.the-odds-api.com/v4/historical/sports/soccer_france_ligue_one/events/1486410b980cea4bd274b2eedda6a486/odds,200,2025-02-15T14:55:38Z,,2026-04-27T06:44:01.820997+00:00,h2h,us,bovada,Marseille:1.24;Saint Etienne:10.0;Draw:7.0,matched_with_odds_t60,"{""timestamp"": ""2025-02-15T14:55:38Z"", ""previous_timestamp"": ""2025-02-15T14:50:39Z"", ""next_timestamp"": ""2025-02-15T15:00:38Z"", ""data"": {""id"": ""1486410b980cea4bd274b2eedda6a486"", ""sport_key"": ""soccer_france_ligue_one"", ""sport_title"": ""Ligue 1 - France"", ""commence_time"": ""2025-02-15T16:00:00Z"", ""home_team"": ""Marseille"", ""away_team"": ""Saint Etienne"", ""bookmakers"": [{""key"": ""bovada"", ""title"": ""Bovada"", ""last_update"": ""2025-02-15T14:54:50Z"", ""markets"": [{""key"": ""h2h"", ""last_update"": ""2025-02-15T14:54:49Z"", ""outcomes"": [{""name"": ""Marseille"", ""price"": 1.24}, {""name"": ""Saint Etienne"", ""price"": 10.0}, {""name"": ""Draw"", ""price"": 7.0}]}]}, {""key"": ""fanduel"", ""title"": ""FanDuel"", ""last_update"": ""2025-02-15T14:54:53Z"", ""markets"": [{""key"": ""h2h"", ""last_update"": ""2025-02-15T14:54:53Z"", ""outcomes"": [{""name"": ""Marseille"", ""price"": 1.2}, {""name"": ""Saint Etienne"", ""price"": 10.0}, {""name"": ""Draw"", ""price"": 6.5}]}]}, {""key"": ""betrivers"", ""title"": ""BetRivers"", ""last_update"": ""2025-02-15T14:54:56Z"", ""markets"": [{""key"": ""h2h"", ""last_update"": ""2025-02-15T14:54:56Z"", ""outcomes"": [{""name"": ""Marseille"", ""price"": 1.24}, {""name"": ""Saint Etienne"", ""price"": 11.5}, {""name"": ""Draw"", ""price"": 6.4}]}]}, {""key"": ""betmgm"", ""title"": ""BetMGM"", ""last_update"": ""2025-02-15T14:54:50Z"", ""markets"": [{""key"": ""h2h"", ""last_update"": ""2025-02-15T14:54:50Z"", ""outcomes"": [{""name"": ""Marseille"", ""price"": 1.24}, {""name"": ""Saint Etienne"", ""price"": 11.5}, {""name"": ""Draw"", ""price"": 6.5}]}]}, {""key"": ""draftkings"", ""title"": ""DraftKings"", ""last_update"": ""2025-02-15T14:54:50Z"", ""markets"": [{""key"": ""h2h"", ""last_update"": ""2025-02-15T14:54:50Z"", ""outcomes"": [{""name"": ""Marseille"", ""price"": 1.24}, {""name"": ""Saint Etienne"", ""price"": 11.0}, {""name"": ""Draw"", ""price"": 7.0}]}]}, {""key"": ""betus"", ""title"": ""BetUS"", ""last_update"": ""2025-02-15T14:54:50Z"", ""markets"": [{""key"": ""h2h"", ""last_update"": ""2025-02-15T14:54:50Z"", ""outcomes"": [{""name"": ""Marseille"", ""price"": 1.24}, {""name"": ""Saint Etienne"", ""price"": 10.0}, {""name"": ""Draw"", ""price"": 7.0}]}]}, {""key"": ""lowvig"", ""title"": ""LowVig.ag"", ""last_update"": ""2025-02-15T14:54:50Z"", ""markets"": [{""key"": ""h2h"", ""last_update"": ""2025-02-15T14:54:50Z"", ""outcomes"": [{""name"": ""Marseille"", ""price"": 1.25}, {""name"": ""Saint Etienne"", ""price"": 11.5}, {""name"": ""Draw"", ""price"": 6.85}]}]}, {""key"": ""betonlineag"", ""title"": ""BetOnline.ag"", ""last_update"": ""2025-02-15T14:54:50Z"", ""markets"": [{""key"": ""h2h"", ""last_update"": ""2025-02-15T14:54:50Z"", ""outcomes"": [{""name"": ""Marseille"", ""price"": 1.25}, {""name"": ""Saint Etienne"", ""price"": 11.5}, {""name"": ""Draw"", ""price"": 6.85}]}]}]}}"
19155249,31492,0f0621959731abd1ce0196f173fb197f,https://api.the-odds-api.com/v4/historical/sports/soccer_italy_serie_a/events/0f0621959731abd1ce0196f173fb197f/odds,200,2025-01-04T15:55:38Z,,2026-04-27T06:44:02.895430+00:00,h2h,us,fanduel,Fiorentina:3.0;Napoli:2.5;Draw:3.0,matched_with_odds_t60,"{""timestamp"": ""2025-01-04T15:55:38Z"", ""previous_timestamp"": ""2025-01-04T15:50:38Z"", ""next_timestamp"": ""2025-01-04T16:00:38Z"", ""data"": {""id"": ""0f0621959731abd1ce0196f173fb197f"", ""sport_key"": ""soccer_italy_serie_a"", ""sport_title"": ""Serie A - Italy"", ""commence_time"": ""2025-01-04T17:00:00Z"", ""home_team"": ""Fiorentina"", ""away_team"": ""Napoli"", ""bookmakers"": [{""key"": ""fanduel"", ""title"": ""FanDuel"", ""last_update"": ""2025-01-04T15:54:49Z"", ""markets"": [{""key"": ""h2h"", ""last_update"": ""2025-01-04T15:54:49Z"", ""outcomes"": [{""name"": ""Fiorentina"", ""price"": 3.0}, {""name"": ""Napoli"", ""price"": 2.5}, {""name"": ""Draw"", ""price"": 3.0}]}]}, {""key"": ""betmgm"", ""title"": ""BetMGM"", ""last_update"": ""2025-01-04T15:54:49Z"", ""markets"": [{""key"": ""h2h"", ""last_update"": ""2025-01-04T15:54:49Z"", ""outcomes"": [{""name"": ""Fiorentina"", ""price"": 2.9}, {""name"": ""Napoli"", ""price"": 2.55}, {""name"": ""Draw"", ""price"": 3.1}]}]}, {""key"": ""bovada"", ""title"": ""Bovada"", ""last_update"": ""2025-01-04T15:55:18Z"", ""markets"": [{""key"": ""h2h"", ""last_update"": ""2025-01-04T15:55:18Z"", ""outcomes"": [{""name"": ""Fiorentina"", ""price"": 3.05}, {""name"": ""Napoli"", ""price"": 2.5}, {""name"": ""Draw"", ""price"": 3.1}]}]}, {""key"": ""draftkings"", ""title"": ""DraftKings"", ""last_update"": ""2025-01-04T15:55:18Z"", ""markets"": [{""key"": ""h2h"", ""last_update"": ""2025-01-04T15:55:18Z"", ""outcomes"": [{""name"": ""Fiorentina"", ""price"": 2.95}, {""name"": ""Napoli"", ""price"": 2.45}, {""name"": ""Draw"", ""price"": 3.0}]}]}, {""key"": ""betrivers"", ""title"": ""BetRivers"", ""last_update"": ""2025-01-04T15:55:18Z"", ""markets"": [{""key"": ""h2h"", ""last_update"": ""2025-01-04T15:55:18Z"", ""outcomes"": [{""name"": ""Fiorentina"", ""price"": 3.05}, {""name"": ""Napoli"", ""price"": 2.45}, {""name"": ""Draw"", ""price"": 3.05}]}]}, {""key"": ""betus"", ""title"": ""BetUS"", ""last_update"": ""2025-01-04T15:54:49Z"", ""markets"": [{""key"": ""h2h"", ""last_update"": ""2025-01-04T15:54:49Z"", ""outcomes"": [{""name"": ""Fiorentina"", ""price"": 3.05}, {""name"": ""Napoli"", ""price"": 2.5}, {""name"": ""Draw"", ""price"": 3.15}]}]}, {""key"": ""lowvig"", ""title"": ""LowVig.ag"", ""last_update"": ""2025-01-04T15:55:18Z"", ""markets"": [{""key"": ""h2h"", ""last_update"": ""2025-01-04T15:55:18Z"", ""outcomes"": [{""name"": ""Fiorentina"", ""price"": 3.1}, {""name"": ""Napoli"", ""price"": 2.57}, {""name"": ""Draw"", ""price"": 3.1}]}]}, {""key"": ""betonlineag"", ""title"": ""BetOnline.ag"", ""last_update"": ""2025-01-04T15:55:18Z"", ""markets"": [{""key"": ""h2h"", ""last_update"": ""2025-01-04T15:55:18Z"", ""outcomes"": [{""name"": ""Fiorentina"", ""price"": 3.1}, {""name"": ""Napoli"", ""price"": 2.57}, {""name"": ""Draw"", ""price"": 3.1}]}]}]}}"
19135481,25093,07f4078c628110076d5cb7900ca4b5c0,https://api.the-odds-api.com/v4/historical/sports/soccer_spain_la_liga/events/07f4078c628110076d5cb7900ca4b5c0/odds,200,2025-02-17T18:55:38Z,,2026-04-27T06:44:03.936318+00:00,h2h,us,fanduel,Barcelona:1.17;Rayo Vallecano:11.0;Draw:7.5,matched_with_odds_t60,"{""timestamp"": ""2025-02-17T18:55:38Z"", ""previous_timestamp"": ""2025-02-17T18:50:38Z"", ""next_timestamp"": ""2025-02-17T19:00:38Z"", ""data"": {""id"": ""07f4078c628110076d5cb7900ca4b5c0"", ""sport_key"": ""soccer_spain_la_liga"", ""sport_title"": ""La Liga - Spain"", ""commence_time"": ""2025-02-17T20:00:00Z"", ""home_team"": ""Barcelona"", ""away_team"": ""Rayo Vallecano"", ""bookmakers"": [{""key"": ""fanduel"", ""title"": ""FanDuel"", ""last_update"": ""2025-02-17T18:52:58Z"", ""markets"": [{""key"": ""h2h"", ""last_update"": ""2025-02-17T18:52:58Z"", ""outcomes"": [{""name"": ""Barcelona"", ""price"": 1.17}, {""name"": ""Rayo Vallecano"", ""price"": 11.0}, {""name"": ""Draw"", ""price"": 7.5}]}]}, {""key"": ""bovada"", ""title"": ""Bovada"", ""last_update"": ""2025-02-17T18:54:23Z"", ""markets"": [{""key"": ""h2h"", ""last_update"": ""2025-02-17T18:54:23Z"", ""outcomes"": [{""name"": ""Barcelona"", ""price"": 1.21}, {""name"": ""Rayo Vallecano"", ""price"": 11.0}, {""name"": ""Draw"", ""price"": 7.5}]}]}, {""key"": ""draftkings"", ""title"": ""DraftKings"", ""last_update"": ""2025-02-17T18:54:23Z"", ""markets"": [{""key"": ""h2h"", ""last_update"": ""2025-02-17T18:54:23Z"", ""outcomes"": [{""name"": ""Barcelona"", ""price"": 1.19}, {""name"": ""Rayo Vallecano"", ""price"": 11.0}, {""name"": ""Draw"", ""price"": 6.5}]}]}, {""key"": ""betrivers"", ""title"": ""BetRivers"", ""last_update"": ""2025-02-17T18:54:24Z"", ""markets"": [{""key"": ""h2h"", ""last_update"": ""2025-02-17T18:54:24Z"", ""outcomes"": [{""name"": ""Barcelona"", ""price"": 1.17}, {""name"": ""Rayo Vallecano"", ""price"": 13.0}, {""name"": ""Draw"", ""price"": 7.5}]}]}, {""key"": ""betmgm"", ""title"": ""BetMGM"", ""last_update"": ""2025-02-17T18:54:24Z"", ""markets"": [{""key"": ""h2h"", ""last_update"": ""2025-02-17T18:54:24Z"", ""outcomes"": [{""name"": ""Barcelona"", ""price"": 1.22}, {""name"": ""Rayo Vallecano"", ""price"": 11.0}, {""name"": ""Draw"", ""price"": 7.25}]}]}, {""key"": ""betus"", ""title"": ""BetUS"", ""last_update"": ""2025-02-17T18:52:58Z"", ""markets"": [{""key"": ""h2h"", ""last_update"": ""2025-02-17T18:52:58Z"", ""outcomes"": [{""name"": ""Barcelona"", ""price"": 1.2}, {""name"": ""Rayo Vallecano"", ""price"": 12.25}, {""name"": ""Draw"", ""price"": 7.31}]}]}, {""key"": ""lowvig"", ""title"": ""LowVig.ag"", ""last_update"": ""2025-02-17T18:54:23Z"", ""markets"": [{""key"": ""h2h"", ""last_update"": ""2025-02-17T18:54:23Z"", ""outcomes"": [{""name"": ""Barcelona"", ""price"": 1.22}, {""name"": ""Rayo Vallecano"", ""price"": 12.0}, {""name"": ""Draw"", ""price"": 7.4}]}]}, {""key"": ""betonlineag"", ""title"": ""BetOnline.ag"", ""last_update"": ""2025-02-17T18:54:23Z"", ""markets"": [{""key"": ""h2h"", ""last_update"": ""2025-02-17T18:54:23Z"", ""outcomes"": [{""name"": ""Barcelona"", ""price"": 1.22}, {""name"": ""Rayo Vallecano"", ""price"": 12.0}, {""name"": ""Draw"", ""price"": 7.4}]}]}]}}"
19134553,24516,5688a6d82f46a249c51caa737b98227e,https://api.the-odds-api.com/v4/historical/sports/soccer_epl/events/5688a6d82f46a249c51caa737b98227e/odds,200,2025-01-15T18:55:38Z,,2026-04-27T06:44:05.070138+00:00,h2h,us,fanduel,Arsenal:1.37;Tottenham Hotspur:7.0;Draw:5.5,matched_with_odds_t60,"{""timestamp"": ""2025-01-15T18:55:38Z"", ""previous_timestamp"": ""2025-01-15T18:50:38Z"", ""next_timestamp"": ""2025-01-15T19:00:39Z"", ""data"": {""id"": ""5688a6d82f46a249c51caa737b98227e"", ""sport_key"": ""soccer_epl"", ""sport_title"": ""EPL"", ""commence_time"": ""2025-01-15T20:00:00Z"", ""home_team"": ""Arsenal"", ""away_team"": ""Tottenham Hotspur"", ""bookmakers"": [{""key"": ""fanduel"", ""title"": ""FanDuel"", ""last_update"": ""2025-01-15T18:54:35Z"", ""markets"": [{""key"": ""h2h"", ""last_update"": ""2025-01-15T18:54:35Z"", ""outcomes"": [{""name"": ""Arsenal"", ""price"": 1.37}, {""name"": ""Tottenham Hotspur"", ""price"": 7.0}, {""name"": ""Draw"", ""price"": 5.5}]}]}, {""key"": ""mybookieag"", ""title"": ""MyBookie.ag"", ""last_update"": ""2025-01-15T18:54:34Z"", ""markets"": [{""key"": ""h2h"", ""last_update"": ""2025-01-15T18:54:34Z"", ""outcomes"": [{""name"": ""Arsenal"", ""price"": 1.34}, {""name"": ""Tottenham Hotspur"", ""price"": 7.7}, {""name"": ""Draw"", ""price"": 5.6}]}]}, {""key"": ""bovada"", ""title"": ""Bovada"", ""last_update"": ""2025-01-15T18:54:34Z"", ""markets"": [{""key"": ""h2h"", ""last_update"": ""2025-01-15T18:54:34Z"", ""outcomes"": [{""name"": ""Arsenal"", ""price"": 1.34}, {""name"": ""Tottenham Hotspur"", ""price"": 7.5}, {""name"": ""Draw"", ""price"": 5.75}]}]}, {""key"": ""betrivers"", ""title"": ""BetRivers"", ""last_update"": ""2025-01-15T18:54:35Z"", ""markets"": [{""key"": ""h2h"", ""last_update"": ""2025-01-15T18:54:35Z"", ""outcomes"": [{""name"": ""Arsenal"", ""price"": 1.36}, {""name"": ""Tottenham Hotspur"", ""price"": 8.0}, {""name"": ""Draw"", ""price"": 5.25}]}]}, {""key"": ""draftkings"", ""title"": ""DraftKings"", ""last_update"": ""2025-01-15T18:54:34Z"", ""markets"": [{""key"": ""h2h"", ""last_update"": ""2025-01-15T18:54:34Z"", ""outcomes"": [{""name"": ""Arsenal"", ""price"": 1.38}, {""name"": ""Tottenham Hotspur"", ""price"": 7.5}, {""name"": ""Draw"", ""price"": 5.25}]}]}, {""key"": ""betmgm"", ""title"": ""BetMGM"", ""last_update"": ""2025-01-15T18:53:58Z"", ""markets"": [{""key"": ""h2h"", ""last_update"": ""2025-01-15T18:53:58Z"", ""outcomes"": [{""name"": ""Arsenal"", ""price"": 1.36}, {""name"": ""Tottenham Hotspur"", ""price"": 7.5}, {""name"": ""Draw"", ""price"": 5.25}]}]}, {""key"": ""lowvig"", ""title"": ""LowVig.ag"", ""last_update"": ""2025-01-15T18:54:34Z"", ""markets"": [{""key"": ""h2h"", ""last_update"": ""2025-01-15T18:54:34Z"", ""outcomes"": [{""name"": ""Arsenal"", ""price"": 1.39}, {""name"": ""Tottenham Hotspur"", ""price"": 7.6}, {""name"": ""Draw"", ""price"": 5.4}]}]}, {""key"": ""betonlineag"", ""title"": ""BetOnline.ag"", ""last_update"": ""2025-01-15T18:54:34Z"", ""markets"": [{""key"": ""h2h"", ""last_update"": ""2025-01-15T18:54:34Z"", ""outcomes"": [{""name"": ""Arsenal"", ""price"": 1.39}, {""name"": ""Tottenham Hotspur"", ""price"": 7.6}, {""name"": ""Draw"", ""price"": 5.4}]}]}, {""key"": ""betus"", ""title"": ""BetUS"", ""last_update"": ""2025-01-15T18:55:09Z"", ""markets"": [{""key"": ""h2h"", ""last_update"": ""2025-01-15T18:55:09Z"", ""outcomes"": [{""name"": ""Arsenal"", ""price"": 1.37}, {""name"": ""Tottenham Hotspur"", ""price"": 7.4}, {""name"": ""Draw"", ""price"": 5.35}]}]}]}}"
19154682,30925,10886371a4e3c6454236f0f2f864dfba,https://api.the-odds-api.com/v4/historical/sports/soccer_germany_bundesliga/events/10886371a4e3c6454236f0f2f864dfba/odds,200,2025-01-11T13:25:39Z,,2026-04-27T06:44:06.376969+00:00,h2h,us,fanduel,TSG Hoffenheim:2.3;VfL Wolfsburg:2.9;Draw:3.5,matched_with_odds_t60,"{""timestamp"": ""2025-01-11T13:25:39Z"", ""previous_timestamp"": ""2025-01-11T13:20:38Z"", ""next_timestamp"": ""2025-01-11T13:30:38Z"", ""data"": {""id"": ""10886371a4e3c6454236f0f2f864dfba"", ""sport_key"": ""soccer_germany_bundesliga"", ""sport_title"": ""Bundesliga - Germany"", ""commence_time"": ""2025-01-11T14:30:00Z"", ""home_team"": ""TSG Hoffenheim"", ""away_team"": ""VfL Wolfsburg"", ""bookmakers"": [{""key"": ""fanduel"", ""title"": ""FanDuel"", ""last_update"": ""2025-01-11T13:24:55Z"", ""markets"": [{""key"": ""h2h"", ""last_update"": ""2025-01-11T13:24:55Z"", ""outcomes"": [{""name"": ""TSG Hoffenheim"", ""price"": 2.3}, {""name"": ""VfL Wolfsburg"", ""price"": 2.9}, {""name"": ""Draw"", ""price"": 3.5}]}]}, {""key"": ""bovada"", ""title"": ""Bovada"", ""last_update"": ""2025-01-11T13:25:26Z"", ""markets"": [{""key"": ""h2h"", ""last_update"": ""2025-01-11T13:25:26Z"", ""outcomes"": [{""name"": ""TSG Hoffenheim"", ""price"": 2.35}, {""name"": ""VfL Wolfsburg"", ""price"": 3.1}, {""name"": ""Draw"", ""price"": 3.4}]}]}, {""key"": ""draftkings"", ""title"": ""DraftKings"", ""last_update"": ""2025-01-11T13:25:26Z"", ""markets"": [{""key"": ""h2h"", ""last_update"": ""2025-01-11T13:25:26Z"", ""outcomes"": [{""name"": ""TSG Hoffenheim"", ""price"": 2.35}, {""name"": ""VfL Wolfsburg"", ""price"": 2.7}, {""name"": ""Draw"", ""price"": 3.45}]}]}, {""key"": ""betrivers"", ""title"": ""BetRivers"", ""last_update"": ""2025-01-11T13:25:27Z"", ""markets"": [{""key"": ""h2h"", ""last_update"": ""2025-01-11T13:25:27Z"", ""outcomes"": [{""name"": ""TSG Hoffenheim"", ""price"": 2.28}, {""name"": ""VfL Wolfsburg"", ""price"": 2.95}, {""name"": ""Draw"", ""price"": 3.5}]}]}, {""key"": ""betmgm"", ""title"": ""BetMGM"", ""last_update"": ""2025-01-11T13:23:49Z"", ""markets"": [{""key"": ""h2h"", ""last_update"": ""2025-01-11T13:23:49Z"", ""outcomes"": [{""name"": ""TSG Hoffenheim"", ""price"": 2.4}, {""name"": ""VfL Wolfsburg"", ""price"": 2.75}, {""name"": ""Draw"", ""price"": 3.5}]}]}, {""key"": ""betonlineag"", ""title"": ""BetOnline.ag"", ""last_update"": ""2025-01-11T13:24:55Z"", ""markets"": [{""key"": ""h2h"", ""last_update"": ""2025-01-11T13:24:55Z"", ""outcomes"": [{""name"": ""TSG Hoffenheim"", ""price"": 2.37}, {""name"": ""VfL Wolfsburg"", ""price"": 2.97}, {""name"": ""Draw"", ""price"": 3.62}]}]}, {""key"": ""lowvig"", ""title"": ""LowVig.ag"", ""last_update"": ""2025-01-11T13:24:55Z"", ""markets"": [{""key"": ""h2h"", ""last_update"": ""2025-01-11T13:24:55Z"", ""outcomes"": [{""name"": ""TSG Hoffenheim"", ""price"": 2.37}, {""name"": ""VfL Wolfsburg"", ""price"": 2.97}, {""name"": ""Draw"", ""price"": 3.62}]}]}, {""key"": ""betus"", ""title"": ""BetUS"", ""last_update"": ""2025-01-11T13:25:27Z"", ""markets"": [{""key"": ""h2h"", ""last_update"": ""2025-01-11T13:25:27Z"", ""outcomes"": [{""name"": ""TSG Hoffenheim"", ""price"": 2.38}, {""name"": ""VfL Wolfsburg"", ""price"": 2.96}, {""name"": ""Draw"", ""price"": 3.55}]}]}]}}"
19155256,31499,8dfeb587b9a0b7c3e4898a7757adda89,https://api.the-odds-api.com/v4/historical/sports/soccer_italy_serie_a/events/8dfeb587b9a0b7c3e4898a7757adda89/odds,200,2025-01-04T12:55:38Z,,2026-04-27T06:44:07.444113+00:00,h2h,us,fanduel,Empoli:2.95;Venezia:2.6;Draw:3.0,matched_with_odds_t60,"{""timestamp"": ""2025-01-04T12:55:38Z"", ""previous_timestamp"": ""2025-01-04T12:50:38Z"", ""next_timestamp"": ""2025-01-04T13:00:38Z"", ""data"": {""id"": ""8dfeb587b9a0b7c3e4898a7757adda89"", ""sport_key"": ""soccer_italy_serie_a"", ""sport_title"": ""Serie A - Italy"", ""commence_time"": ""2025-01-04T14:00:00Z"", ""home_team"": ""Venezia"", ""away_team"": ""Empoli"", ""bookmakers"": [{""key"": ""fanduel"", ""title"": ""FanDuel"", ""last_update"": ""2025-01-04T12:54:36Z"", ""markets"": [{""key"": ""h2h"", ""last_update"": ""2025-01-04T12:54:36Z"", ""outcomes"": [{""name"": ""Empoli"", ""price"": 2.95}, {""name"": ""Venezia"", ""price"": 2.6}, {""name"": ""Draw"", ""price"": 3.0}]}]}, {""key"": ""bovada"", ""title"": ""Bovada"", ""last_update"": ""2025-01-04T12:55:03Z"", ""markets"": [{""key"": ""h2h"", ""last_update"": ""2025-01-04T12:55:03Z"", ""outcomes"": [{""name"": ""Empoli"", ""price"": 3.35}, {""name"": ""Venezia"", ""price"": 2.3}, {""name"": ""Draw"", ""price"": 3.15}]}]}, {""key"": ""betmgm"", ""title"": ""BetMGM"", ""last_update"": ""2025-01-04T12:55:25Z"", ""markets"": [{""key"": ""h2h"", ""last_update"": ""2025-01-04T12:55:25Z"", ""outcomes"": [{""name"": ""Empoli"", ""price"": 2.95}, {""name"": ""Venezia"", ""price"": 2.6}, {""name"": ""Draw"", ""price"": 3.0}]}]}, {""key"": ""draftkings"", ""title"": ""DraftKings"", ""last_update"": ""2025-01-04T12:55:24Z"", ""markets"": [{""key"": ""h2h"", ""last_update"": ""2025-01-04T12:55:24Z"", ""outcomes"": [{""name"": ""Empoli"", ""price"": 2.85}, {""name"": ""Venezia"", ""price"": 2.55}, {""name"": ""Draw"", ""price"": 2.95}]}]}, {""key"": ""betrivers"", ""title"": ""BetRivers"", ""last_update"": ""2025-01-04T12:54:40Z"", ""markets"": [{""key"": ""h2h"", ""last_update"": ""2025-01-04T12:54:40Z"", ""outcomes"": [{""name"": ""Empoli"", ""price"": 3.0}, {""name"": ""Venezia"", ""price"": 2.55}, {""name"": ""Draw"", ""price"": 2.95}]}]}, {""key"": ""betus"", ""title"": ""BetUS"", ""last_update"": ""2025-01-04T12:55:25Z"", ""markets"": [{""key"": ""h2h"", ""last_update"": ""2025-01-04T12:55:25Z"", ""outcomes"": [{""name"": ""Empoli"", ""price"": 3.0}, {""name"": ""Venezia"", ""price"": 2.67}, {""name"": ""Draw"", ""price"": 3.06}]}]}, {""key"": ""betonlineag"", ""title"": ""BetOnline.ag"", ""last_update"": ""2025-01-04T12:55:24Z"", ""markets"": [{""key"": ""h2h"", ""last_update"": ""2025-01-04T12:55:24Z"", ""outcomes"": [{""name"": ""Empoli"", ""price"": 3.0}, {""name"": ""Venezia"", ""price"": 2.67}, {""name"": ""Draw"", ""price"": 3.06}]}]}, {""key"": ""lowvig"", ""title"": ""LowVig.ag"", ""last_update"": ""2025-01-04T12:53:36Z"", ""markets"": [{""key"": ""h2h"", ""last_update"": ""2025-01-04T12:53:36Z"", ""outcomes"": [{""name"": ""Empoli"", ""price"": 3.0}, {""name"": ""Venezia"", ""price"": 2.67}, {""name"": ""Draw"", ""price"": 3.06}]}]}]}}"
19135490,25102,b3d503562e00e4c0db033737a5e8e92a,https://api.the-odds-api.com/v4/historical/sports/soccer_spain_la_liga/events/b3d503562e00e4c0db033737a5e8e92a/odds,200,2025-02-23T11:55:38Z,,2026-04-27T06:44:08.590340+00:00,h2h,us,fanduel,Athletic Bilbao:1.15;Valladolid:15.0;Draw:7.0,matched_with_odds_t60,"{""timestamp"": ""2025-02-23T11:55:38Z"", ""previous_timestamp"": ""2025-02-23T11:50:37Z"", ""next_timestamp"": ""2025-02-23T12:00:38Z"", ""data"": {""id"": ""b3d503562e00e4c0db033737a5e8e92a"", ""sport_key"": ""soccer_spain_la_liga"", ""sport_title"": ""La Liga - Spain"", ""commence_time"": ""2025-02-23T13:00:00Z"", ""home_team"": ""Athletic Bilbao"", ""away_team"": ""Valladolid"", ""bookmakers"": [{""key"": ""fanduel"", ""title"": ""FanDuel"", ""last_update"": ""2025-02-23T11:53:01Z"", ""markets"": [{""key"": ""h2h"", ""last_update"": ""2025-02-23T11:53:01Z"", ""outcomes"": [{""name"": ""Athletic Bilbao"", ""price"": 1.15}, {""name"": ""Valladolid"", ""price"": 15.0}, {""name"": ""Draw"", ""price"": 7.0}]}]}, {""key"": ""betmgm"", ""title"": ""BetMGM"", ""last_update"": ""2025-02-23T11:53:01Z"", ""markets"": [{""key"": ""h2h"", ""last_update"": ""2025-02-23T11:53:01Z"", ""outcomes"": [{""name"": ""Athletic Bilbao"", ""price"": 1.2}, {""name"": ""Valladolid"", ""price"": 15.0}, {""name"": ""Draw"", ""price"": 7.0}]}]}, {""key"": ""draftkings"", ""title"": ""DraftKings"", ""last_update"": ""2025-02-23T11:54:28Z"", ""markets"": [{""key"": ""h2h"", ""last_update"": ""2025-02-23T11:54:28Z"", ""outcomes"": [{""name"": ""Athletic Bilbao"", ""price"": 1.17}, {""name"": ""Valladolid"", ""price"": 13.0}, {""name"": ""Draw"", ""price"": 6.5}]}]}, {""key"": ""betrivers"", ""title"": ""BetRivers"", ""last_update"": ""2025-02-23T11:54:28Z"", ""markets"": [{""key"": ""h2h"", ""last_update"": ""2025-02-23T11:54:28Z"", ""outcomes"": [{""name"": ""Athletic Bilbao"", ""price"": 1.15}, {""name"": ""Valladolid"", ""price"": 17.0}, {""name"": ""Draw"", ""price"": 7.5}]}]}, {""key"": ""bovada"", ""title"": ""Bovada"", ""last_update"": ""2025-02-23T11:54:28Z"", ""markets"": [{""key"": ""h2h"", ""last_update"": ""2025-02-23T11:54:28Z"", ""outcomes"": [{""name"": ""Athletic Bilbao"", ""price"": 1.18}, {""name"": ""Valladolid"", ""price"": 14.0}, {""name"": ""Draw"", ""price"": 7.0}]}]}, {""key"": ""betonlineag"", ""title"": ""BetOnline.ag"", ""last_update"": ""2025-02-23T11:54:28Z"", ""markets"": [{""key"": ""h2h"", ""last_update"": ""2025-02-23T11:54:28Z"", ""outcomes"": [{""name"": ""Athletic Bilbao"", ""price"": 1.19}, {""name"": ""Valladolid"", ""price"": 17.0}, {""name"": ""Draw"", ""price"": 7.4}]}]}, {""key"": ""lowvig"", ""title"": ""LowVig.ag"", ""last_update"": ""2025-02-23T11:54:28Z"", ""markets"": [{""key"": ""h2h"", ""last_update"": ""2025-02-23T11:54:28Z"", ""outcomes"": [{""name"": ""Athletic Bilbao"", ""price"": 1.19}, {""name"": ""Valladolid"", ""price"": 17.0}, {""name"": ""Draw"", ""price"": 7.4}]}]}, {""key"": ""betus"", ""title"": ""BetUS"", ""last_update"": ""2025-02-23T11:54:28Z"", ""markets"": [{""key"": ""h2h"", ""last_update"": ""2025-02-23T11:54:28Z"", ""outcomes"": [{""name"": ""Athletic Bilbao"", ""price"": 1.18}, {""name"": ""Valladolid"", ""price"": 14.0}, {""name"": ""Draw"", ""price"": 7.0}]}]}]}}"
19134554,24517,59c8fb6d7e660c076e743ff6645626c8,https://api.the-odds-api.com/v4/historical/sports/soccer_epl/events/59c8fb6d7e660c076e743ff6645626c8/odds,200,2025-01-14T18:25:38Z,,2026-04-27T06:44:09.940986+00:00,h2h,us,fanduel,Brentford:5.2;Manchester City:1.57;Draw:4.5,matched_with_odds_t60,"{""timestamp"": ""2025-01-14T18:25:38Z"", ""previous_timestamp"": ""2025-01-14T18:20:38Z"", ""next_timestamp"": ""2025-01-14T18:30:38Z"", ""data"": {""id"": ""59c8fb6d7e660c076e743ff6645626c8"", ""sport_key"": ""soccer_epl"", ""sport_title"": ""EPL"", ""commence_time"": ""2025-01-14T19:30:00Z"", ""home_team"": ""Brentford"", ""away_team"": ""Manchester City"", ""bookmakers"": [{""key"": ""fanduel"", ""title"": ""FanDuel"", ""last_update"": ""2025-01-14T18:25:25Z"", ""markets"": [{""key"": ""h2h"", ""last_update"": ""2025-01-14T18:25:25Z"", ""outcomes"": [{""name"": ""Brentford"", ""price"": 5.2}, {""name"": ""Manchester City"", ""price"": 1.57}, {""name"": ""Draw"", ""price"": 4.5}]}]}, {""key"": ""mybookieag"", ""title"": ""MyBookie.ag"", ""last_update"": ""2025-01-14T18:24:16Z"", ""markets"": [{""key"": ""h2h"", ""last_update"": ""2025-01-14T18:24:16Z"", ""outcomes"": [{""name"": ""Brentford"", ""price"": 5.1}, {""name"": ""Manchester City"", ""price"": 1.61}, {""name"": ""Draw"", ""price"": 4.3}]}]}, {""key"": ""bovada"", ""title"": ""Bovada"", ""last_update"": ""2025-01-14T18:25:24Z"", ""markets"": [{""key"": ""h2h"", ""last_update"": ""2025-01-14T18:25:24Z"", ""outcomes"": [{""name"": ""Brentford"", ""price"": 5.0}, {""name"": ""Manchester City"", ""price"": 1.59}, {""name"": ""Draw"", ""price"": 4.5}]}]}, {""key"": ""betrivers"", ""title"": ""BetRivers"", ""last_update"": ""2025-01-14T18:25:25Z"", ""markets"": [{""key"": ""h2h"", ""last_update"": ""2025-01-14T18:25:25Z"", ""outcomes"": [{""name"": ""Brentford"", ""price"": 5.5}, {""name"": ""Manchester City"", ""price"": 1.56}, {""name"": ""Draw"", ""price"": 4.35}]}]}, {""key"": ""draftkings"", ""title"": ""DraftKings"", ""last_update"": ""2025-01-14T18:25:24Z"", ""markets"": [{""key"": ""h2h"", ""last_update"": ""2025-01-14T18:25:24Z"", ""outcomes"": [{""name"": ""Brentford"", ""price"": 4.9}, {""name"": ""Manchester City"", ""price"": 1.61}, {""name"": ""Draw"", ""price"": 4.5}]}]}, {""key"": ""betmgm"", ""title"": ""BetMGM"", ""last_update"": ""2025-01-14T18:25:25Z"", ""markets"": [{""key"": ""h2h"", ""last_update"": ""2025-01-14T18:25:25Z"", ""outcomes"": [{""name"": ""Brentford"", ""price"": 5.0}, {""name"": ""Manchester City"", ""price"": 1.57}, {""name"": ""Draw"", ""price"": 4.5}]}]}, {""key"": ""lowvig"", ""title"": ""LowVig.ag"", ""last_update"": ""2025-01-14T18:25:25Z"", ""markets"": [{""key"": ""h2h"", ""last_update"": ""2025-01-14T18:25:25Z"", ""outcomes"": [{""name"": ""Brentford"", ""price"": 5.25}, {""name"": ""Manchester City"", ""price"": 1.61}, {""name"": ""Draw"", ""price"": 4.5}]}]}, {""key"": ""betonlineag"", ""title"": ""BetOnline.ag"", ""last_update"": ""2025-01-14T18:25:25Z"", ""markets"": [{""key"": ""h2h"", ""last_update"": ""2025-01-14T18:25:25Z"", ""outcomes"": [{""name"": ""Brentford"", ""price"": 5.25}, {""name"": ""Manchester City"", ""price"": 1.61}, {""name"": ""Draw"", ""price"": 4.5}]}]}, {""key"": ""betus"", ""title"": ""BetUS"", ""last_update"": ""2025-01-14T18:25:26Z"", ""markets"": [{""key"": ""h2h"", ""last_update"": ""2025-01-14T18:25:26Z"", ""outcomes"": [{""name"": ""Brentford"", ""price"": 5.25}, {""name"": ""Manchester City"", ""price"": 1.56}, {""name"": ""Draw"", ""price"": 4.55}]}]}]}}"
19134555,24518,81c6bc268d6bdb82464dc85b81d64607,https://api.the-odds-api.com/v4/historical/sports/soccer_epl/events/81c6bc268d6bdb82464dc85b81d64607/odds,200,2025-01-15T18:25:40Z,,2026-04-27T06:44:11.054036+00:00,h2h,us,fanduel,Aston Villa:2.2;Everton:3.5;Draw:3.1,matched_with_odds_t60,"{""timestamp"": ""2025-01-15T18:25:40Z"", ""previous_timestamp"": ""2025-01-15T18:20:41Z"", ""next_timestamp"": ""2025-01-15T18:30:38Z"", ""data"": {""id"": ""81c6bc268d6bdb82464dc85b81d64607"", ""sport_key"": ""soccer_epl"", ""sport_title"": ""EPL"", ""commence_time"": ""2025-01-15T19:30:00Z"", ""home_team"": ""Everton"", ""away_team"": ""Aston Villa"", ""bookmakers"": [{""key"": ""fanduel"", ""title"": ""FanDuel"", ""last_update"": ""2025-01-15T18:23:11Z"", ""markets"": [{""key"": ""h2h"", ""last_update"": ""2025-01-15T18:23:11Z"", ""outcomes"": [{""name"": ""Aston Villa"", ""price"": 2.2}, {""name"": ""Everton"", ""price"": 3.5}, {""name"": ""Draw"", ""price"": 3.1}]}]}, {""key"": ""mybookieag"", ""title"": ""MyBookie.ag"", ""last_update"": ""2025-01-15T18:23:11Z"", ""markets"": [{""key"": ""h2h"", ""last_update"": ""2025-01-15T18:23:11Z"", ""outcomes"": [{""name"": ""Aston Villa"", ""price"": 2.22}, {""name"": ""Everton"", ""price"": 3.46}, {""name"": ""Draw"", ""price"": 3.2}]}]}, {""key"": ""bovada"", ""title"": ""Bovada"", ""last_update"": ""2025-01-15T18:24:27Z"", ""markets"": [{""key"": ""h2h"", ""last_update"": ""2025-01-15T18:24:27Z"", ""outcomes"": [{""name"": ""Aston Villa"", ""price"": 2.25}, {""name"": ""Everton"", ""price"": 3.4}, {""name"": ""Draw"", ""price"": 3.25}]}]}, {""key"": ""betrivers"", ""title"": ""BetRivers"", ""last_update"": ""2025-01-15T18:24:27Z"", ""markets"": [{""key"": ""h2h"", ""last_update"": ""2025-01-15T18:24:27Z"", ""outcomes"": [{""name"": ""Aston Villa"", ""price"": 2.2}, {""name"": ""Everton"", ""price"": 3.55}, {""name"": ""Draw"", ""price"": 3.15}]}]}, {""key"": ""draftkings"", ""title"": ""DraftKings"", ""last_update"": ""2025-01-15T18:24:27Z"", ""markets"": [{""key"": ""h2h"", ""last_update"": ""2025-01-15T18:24:27Z"", ""outcomes"": [{""name"": ""Aston Villa"", ""price"": 2.2}, {""name"": ""Everton"", ""price"": 3.5}, {""name"": ""Draw"", ""price"": 3.25}]}]}, {""key"": ""lowvig"", ""title"": ""LowVig.ag"", ""last_update"": ""2025-01-15T18:24:27Z"", ""markets"": [{""key"": ""h2h"", ""last_update"": ""2025-01-15T18:24:27Z"", ""outcomes"": [{""name"": ""Aston Villa"", ""price"": 2.25}, {""name"": ""Everton"", ""price"": 3.57}, {""name"": ""Draw"", ""price"": 3.22}]}]}, {""key"": ""betonlineag"", ""title"": ""BetOnline.ag"", ""last_update"": ""2025-01-15T18:24:27Z"", ""markets"": [{""key"": ""h2h"", ""last_update"": ""2025-01-15T18:24:27Z"", ""outcomes"": [{""name"": ""Aston Villa"", ""price"": 2.25}, {""name"": ""Everton"", ""price"": 3.57}, {""name"": ""Draw"", ""price"": 3.22}]}]}, {""key"": ""betus"", ""title"": ""BetUS"", ""last_update"": ""2025-01-15T18:24:28Z"", ""markets"": [{""key"": ""h2h"", ""last_update"": ""2025-01-15T18:24:28Z"", ""outcomes"": [{""name"": ""Aston Villa"", ""price"": 2.2}, {""name"": ""Everton"", ""price"": 3.45}, {""name"": ""Draw"", ""price"": 3.25}]}]}]}}"
19134556,24519,1ccb012b593a7b3ef8390cc30674add9,https://api.the-odds-api.com/v4/historical/sports/soccer_epl/events/1ccb012b593a7b3ef8390cc30674add9/odds,200,2025-01-16T18:25:38Z,,2026-04-27T06:44:12.197698+00:00,h2h,us,fanduel,Brighton and Hove Albion:2.0;Ipswich Town:3.6;Draw:3.6,matched_with_odds_t60,"{""timestamp"": ""2025-01-16T18:25:38Z"", ""previous_timestamp"": ""2025-01-16T18:20:38Z"", ""next_timestamp"": ""2025-01-16T18:30:38Z"", ""data"": {""id"": ""1ccb012b593a7b3ef8390cc30674add9"", ""sport_key"": ""soccer_epl"", ""sport_title"": ""EPL"", ""commence_time"": ""2025-01-16T19:30:00Z"", ""home_team"": ""Ipswich Town"", ""away_team"": ""Brighton and Hove Albion"", ""bookmakers"": [{""key"": ""fanduel"", ""title"": ""FanDuel"", ""last_update"": ""2025-01-16T18:24:51Z"", ""markets"": [{""key"": ""h2h"", ""last_update"": ""2025-01-16T18:24:51Z"", ""outcomes"": [{""name"": ""Brighton and Hove Albion"", ""price"": 2.0}, {""name"": ""Ipswich Town"", ""price"": 3.6}, {""name"": ""Draw"", ""price"": 3.6}]}]}, {""key"": ""mybookieag"", ""title"": ""MyBookie.ag"", ""last_update"": ""2025-01-16T18:23:36Z"", ""markets"": [{""key"": ""h2h"", ""last_update"": ""2025-01-16T18:23:36Z"", ""outcomes"": [{""name"": ""Brighton and Hove Albion"", ""price"": 2.06}, {""name"": ""Ipswich Town"", ""price"": 3.48}, {""name"": ""Draw"", ""price"": 3.6}]}]}, {""key"": ""bovada"", ""title"": ""Bovada"", ""last_update"": ""2025-01-16T18:24:50Z"", ""markets"": [{""key"": ""h2h"", ""last_update"": ""2025-01-16T18:24:50Z"", ""outcomes"": [{""name"": ""Brighton and Hove Albion"", ""price"": 1.95}, {""name"": ""Ipswich Town"", ""price"": 3.6}, {""name"": ""Draw"", ""price"": 3.6}]}]}, {""key"": ""betrivers"", ""title"": ""BetRivers"", ""last_update"": ""2025-01-16T18:24:51Z"", ""markets"": [{""key"": ""h2h"", ""last_update"": ""2025-01-16T18:24:51Z"", ""outcomes"": [{""name"": ""Brighton and Hove Albion"", ""price"": 2.04}, {""name"": ""Ipswich Town"", ""price"": 3.65}, {""name"": ""Draw"", ""price"": 3.5}]}]}, {""key"": ""draftkings"", ""title"": ""DraftKings"", ""last_update"": ""2025-01-16T18:24:50Z"", ""markets"": [{""key"": ""h2h"", ""last_update"": ""2025-01-16T18:24:50Z"", ""outcomes"": [{""name"": ""Brighton and Hove Albion"", ""price"": 2.05}, {""name"": ""Ipswich Town"", ""price"": 3.5}, {""name"": ""Draw"", ""price"": 3.65}]}]}, {""key"": ""betmgm"", ""title"": ""BetMGM"", ""last_update"": ""2025-01-16T18:23:37Z"", ""markets"": [{""key"": ""h2h"", ""last_update"": ""2025-01-16T18:23:37Z"", ""outcomes"": [{""name"": ""Brighton and Hove Albion"", ""price"": 2.05}, {""name"": ""Ipswich Town"", ""price"": 3.5}, {""name"": ""Draw"", ""price"": 3.6}]}]}, {""key"": ""lowvig"", ""title"": ""LowVig.ag"", ""last_update"": ""2025-01-16T18:24:50Z"", ""markets"": [{""key"": ""h2h"", ""last_update"": ""2025-01-16T18:24:50Z"", ""outcomes"": [{""name"": ""Brighton and Hove Albion"", ""price"": 2.06}, {""name"": ""Ipswich Town"", ""price"": 3.63}, {""name"": ""Draw"", ""price"": 3.63}]}]}, {""key"": ""betonlineag"", ""title"": ""BetOnline.ag"", ""last_update"": ""2025-01-16T18:25:26Z"", ""markets"": [{""key"": ""h2h"", ""last_update"": ""2025-01-16T18:25:26Z"", ""outcomes"": [{""name"": ""Brighton and Hove Albion"", ""price"": 2.06}, {""name"": ""Ipswich Town"", ""price"": 3.63}, {""name"": ""Draw"", ""price"": 3.63}]}]}, {""key"": ""betus"", ""title"": ""BetUS"", ""last_update"": ""2025-01-16T18:24:51Z"", ""markets"": [{""key"": ""h2h"", ""last_update"": ""2025-01-16T18:24:51Z"", ""outcomes"": [{""name"": ""Brighton and Hove Albion"", ""price"": 2.01}, {""name"": ""Ipswich Town"", ""price"": 3.62}, {""name"": ""Draw"", ""price"": 3.62}]}]}]}}"
19134557,24520,4cdaad5e33d4d13e8992d35e4e0bf7dc,https://api.the-odds-api.com/v4/historical/sports/soccer_epl/events/4cdaad5e33d4d13e8992d35e4e0bf7dc/odds,200,2025-01-15T18:25:40Z,,2026-04-27T06:44:13.476111+00:00,h2h,us,fanduel,Crystal Palace:1.91;Leicester City:3.9;Draw:3.6,matched_with_odds_t60,"{""timestamp"": ""2025-01-15T18:25:40Z"", ""previous_timestamp"": ""2025-01-15T18:20:41Z"", ""next_timestamp"": ""2025-01-15T18:30:38Z"", ""data"": {""id"": ""4cdaad5e33d4d13e8992d35e4e0bf7dc"", ""sport_key"": ""soccer_epl"", ""sport_title"": ""EPL"", ""commence_time"": ""2025-01-15T19:30:00Z"", ""home_team"": ""Leicester City"", ""away_team"": ""Crystal Palace"", ""bookmakers"": [{""key"": ""fanduel"", ""title"": ""FanDuel"", ""last_update"": ""2025-01-15T18:23:11Z"", ""markets"": [{""key"": ""h2h"", ""last_update"": ""2025-01-15T18:23:11Z"", ""outcomes"": [{""name"": ""Crystal Palace"", ""price"": 1.91}, {""name"": ""Leicester City"", ""price"": 3.9}, {""name"": ""Draw"", ""price"": 3.6}]}]}, {""key"": ""mybookieag"", ""title"": ""MyBookie.ag"", ""last_update"": ""2025-01-15T18:23:11Z"", ""markets"": [{""key"": ""h2h"", ""last_update"": ""2025-01-15T18:23:11Z"", ""outcomes"": [{""name"": ""Crystal Palace"", ""price"": 1.94}, {""name"": ""Leicester City"", ""price"": 3.8}, {""name"": ""Draw"", ""price"": 3.65}]}]}, {""key"": ""bovada"", ""title"": ""Bovada"", ""last_update"": ""2025-01-15T18:24:27Z"", ""markets"": [{""key"": ""h2h"", ""last_update"": ""2025-01-15T18:24:27Z"", ""outcomes"": [{""name"": ""Crystal Palace"", ""price"": 1.95}, {""name"": ""Leicester City"", ""price"": 3.7}, {""name"": ""Draw"", ""price"": 3.65}]}]}, {""key"": ""draftkings"", ""title"": ""DraftKings"", ""last_update"": ""2025-01-15T18:24:27Z"", ""markets"": [{""key"": ""h2h"", ""last_update"": ""2025-01-15T18:24:27Z"", ""outcomes"": [{""name"": ""Crystal Palace"", ""price"": 1.95}, {""name"": ""Leicester City"", ""price"": 3.95}, {""name"": ""Draw"", ""price"": 3.6}]}]}, {""key"": ""betmgm"", ""title"": ""BetMGM"", ""last_update"": ""2025-01-15T18:24:28Z"", ""markets"": [{""key"": ""h2h"", ""last_update"": ""2025-01-15T18:24:28Z"", ""outcomes"": [{""name"": ""Crystal Palace"", ""price"": 1.95}, {""name"": ""Leicester City"", ""price"": 3.8}, {""name"": ""Draw"", ""price"": 3.5}]}]}, {""key"": ""betrivers"", ""title"": ""BetRivers"", ""last_update"": ""2025-01-15T18:24:27Z"", ""markets"": [{""key"": ""h2h"", ""last_update"": ""2025-01-15T18:24:27Z"", ""outcomes"": [{""name"": ""Crystal Palace"", ""price"": 1.93}, {""name"": ""Leicester City"", ""price"": 3.95}, {""name"": ""Draw"", ""price"": 3.55}]}]}, {""key"": ""betonlineag"", ""title"": ""BetOnline.ag"", ""last_update"": ""2025-01-15T18:24:27Z"", ""markets"": [{""key"": ""h2h"", ""last_update"": ""2025-01-15T18:24:27Z"", ""outcomes"": [{""name"": ""Crystal Palace"", ""price"": 1.99}, {""name"": ""Leicester City"", ""price"": 3.85}, {""name"": ""Draw"", ""price"": 3.66}]}]}, {""key"": ""lowvig"", ""title"": ""LowVig.ag"", ""last_update"": ""2025-01-15T18:24:27Z"", ""markets"": [{""key"": ""h2h"", ""last_update"": ""2025-01-15T18:24:27Z"", ""outcomes"": [{""name"": ""Crystal Palace"", ""price"": 1.99}, {""name"": ""Leicester City"", ""price"": 3.85}, {""name"": ""Draw"", ""price"": 3.66}]}]}, {""key"": ""betus"", ""title"": ""BetUS"", ""last_update"": ""2025-01-15T18:24:28Z"", ""markets"": [{""key"": ""h2h"", ""last_update"": ""2025-01-15T18:24:28Z"", ""outcomes"": [{""name"": ""Crystal Palace"", ""price"": 1.94}, {""name"": ""Leicester City"", ""price"": 3.79}, {""name"": ""Draw"", ""price"": 3.6}]}]}]}}"
19134558,24521,58de7ae323c179a60e2a1ea8a690bd99,https://api.the-odds-api.com/v4/historical/sports/soccer_epl/events/58de7ae323c179a60e2a1ea8a690bd99/odds,200,2025-01-14T18:55:38Z,,2026-04-27T06:44:14.803262+00:00,h2h,us,fanduel,Liverpool:1.65;Nottingham Forest:5.2;Draw:4.0,matched_with_odds_t60,"{""timestamp"": ""2025-01-14T18:55:38Z"", ""previous_timestamp"": ""2025-01-14T18:50:38Z"", ""next_timestamp"": ""2025-01-14T19:00:38Z"", ""data"": {""id"": ""58de7ae323c179a60e2a1ea8a690bd99"", ""sport_key"": ""soccer_epl"", ""sport_title"": ""EPL"", ""commence_time"": ""2025-01-14T20:00:00Z"", ""home_team"": ""Nottingham Forest"", ""away_team"": ""Liverpool"", ""bookmakers"": [{""key"": ""fanduel"", ""title"": ""FanDuel"", ""last_update"": ""2025-01-14T18:55:19Z"", ""markets"": [{""key"": ""h2h"", ""last_update"": ""2025-01-14T18:55:19Z"", ""outcomes"": [{""name"": ""Liverpool"", ""price"": 1.65}, {""name"": ""Nottingham Forest"", ""price"": 5.2}, {""name"": ""Draw"", ""price"": 4.0}]}]}, {""key"": ""mybookieag"", ""title"": ""MyBookie.ag"", ""last_update"": ""2025-01-14T18:55:19Z"", ""markets"": [{""key"": ""h2h"", ""last_update"": ""2025-01-14T18:55:19Z"", ""outcomes"": [{""name"": ""Liverpool"", ""price"": 1.61}, {""name"": ""Nottingham Forest"", ""price"": 5.2}, {""name"": ""Draw"", ""price"": 4.2}]}]}, {""key"": ""bovada"", ""title"": ""Bovada"", ""last_update"": ""2025-01-14T18:55:19Z"", ""markets"": [{""key"": ""h2h"", ""last_update"": ""2025-01-14T18:55:18Z"", ""outcomes"": [{""name"": ""Liverpool"", ""price"": 1.62}, {""name"": ""Nottingham Forest"", ""price"": 5.0}, {""name"": ""Draw"", ""price"": 4.2}]}]}, {""key"": ""betrivers"", ""title"": ""BetRivers"", ""last_update"": ""2025-01-14T18:55:19Z"", ""markets"": [{""key"": ""h2h"", ""last_update"": ""2025-01-14T18:55:19Z"", ""outcomes"": [{""name"": ""Liverpool"", ""price"": 1.57}, {""name"": ""Nottingham Forest"", ""price"": 5.6}, {""name"": ""Draw"", ""price"": 4.1}]}]}, {""key"": ""draftkings"", ""title"": ""DraftKings"", ""last_update"": ""2025-01-14T18:55:19Z"", ""markets"": [{""key"": ""h2h"", ""last_update"": ""2025-01-14T18:55:19Z"", ""outcomes"": [{""name"": ""Liverpool"", ""price"": 1.65}, {""name"": ""Nottingham Forest"", ""price"": 5.0}, {""name"": ""Draw"", ""price"": 4.2}]}]}, {""key"": ""betmgm"", ""title"": ""BetMGM"", ""last_update"": ""2025-01-14T18:55:19Z"", ""markets"": [{""key"": ""h2h"", ""last_update"": ""2025-01-14T18:55:19Z"", ""outcomes"": [{""name"": ""Liverpool"", ""price"": 1.61}, {""name"": ""Nottingham Forest"", ""price"": 5.25}, {""name"": ""Draw"", ""price"": 4.2}]}]}, {""key"": ""betus"", ""title"": ""BetUS"", ""last_update"": ""2025-01-14T18:55:20Z"", ""markets"": [{""key"": ""h2h"", ""last_update"": ""2025-01-14T18:55:20Z"", ""outcomes"": [{""name"": ""Liverpool"", ""price"": 1.62}, {""name"": ""Nottingham Forest"", ""price"": 5.2}, {""name"": ""Draw"", ""price"": 4.2}]}]}, {""key"": ""lowvig"", ""title"": ""LowVig.ag"", ""last_update"": ""2025-01-14T18:55:18Z"", ""markets"": [{""key"": ""h2h"", ""last_update"": ""2025-01-14T18:55:18Z"", ""outcomes"": [{""name"": ""Liverpool"", ""price"": 1.64}, {""name"": ""Nottingham Forest"", ""price"": 5.25}, {""name"": ""Draw"", ""price"": 4.08}]}]}, {""key"": ""betonlineag"", ""title"": ""BetOnline.ag"", ""last_update"": ""2025-01-14T18:55:19Z"", ""markets"": [{""key"": ""h2h"", ""last_update"": ""2025-01-14T18:55:19Z"", ""outcomes"": [{""name"": ""Liverpool"", ""price"": 1.64}, {""name"": ""Nottingham Forest"", ""price"": 5.4}, {""name"": ""Draw"", ""price"": 4.15}]}]}]}}"
19134559,24522,312fa59ad0e698a9e3ce8b2c0a3a9d98,https://api.the-odds-api.com/v4/historical/sports/soccer_epl/events/312fa59ad0e698a9e3ce8b2c0a3a9d98/odds,200,2025-01-14T18:25:38Z,,2026-04-27T06:44:16.036000+00:00,h2h,us,fanduel,Fulham:2.45;West Ham United:2.9;Draw:3.3,matched_with_odds_t60,"{""timestamp"": ""2025-01-14T18:25:38Z"", ""previous_timestamp"": ""2025-01-14T18:20:38Z"", ""next_timestamp"": ""2025-01-14T18:30:38Z"", ""data"": {""id"": ""312fa59ad0e698a9e3ce8b2c0a3a9d98"", ""sport_key"": ""soccer_epl"", ""sport_title"": ""EPL"", ""commence_time"": ""2025-01-14T19:30:00Z"", ""home_team"": ""West Ham United"", ""away_team"": ""Fulham"", ""bookmakers"": [{""key"": ""fanduel"", ""title"": ""FanDuel"", ""last_update"": ""2025-01-14T18:25:25Z"", ""markets"": [{""key"": ""h2h"", ""last_update"": ""2025-01-14T18:25:25Z"", ""outcomes"": [{""name"": ""Fulham"", ""price"": 2.45}, {""name"": ""West Ham United"", ""price"": 2.9}, {""name"": ""Draw"", ""price"": 3.3}]}]}, {""key"": ""mybookieag"", ""title"": ""MyBookie.ag"", ""last_update"": ""2025-01-14T18:24:16Z"", ""markets"": [{""key"": ""h2h"", ""last_update"": ""2025-01-14T18:24:16Z"", ""outcomes"": [{""name"": ""Fulham"", ""price"": 2.39}, {""name"": ""West Ham United"", ""price"": 2.87}, {""name"": ""Draw"", ""price"": 3.5}]}]}, {""key"": ""bovada"", ""title"": ""Bovada"", ""last_update"": ""2025-01-14T18:25:24Z"", ""markets"": [{""key"": ""h2h"", ""last_update"": ""2025-01-14T18:25:24Z"", ""outcomes"": [{""name"": ""Fulham"", ""price"": 2.5}, {""name"": ""West Ham United"", ""price"": 2.8}, {""name"": ""Draw"", ""price"": 3.45}]}]}, {""key"": ""betrivers"", ""title"": ""BetRivers"", ""last_update"": ""2025-01-14T18:25:25Z"", ""markets"": [{""key"": ""h2h"", ""last_update"": ""2025-01-14T18:25:25Z"", ""outcomes"": [{""name"": ""Fulham"", ""price"": 2.55}, {""name"": ""West Ham United"", ""price"": 2.88}, {""name"": ""Draw"", ""price"": 3.25}]}]}, {""key"": ""draftkings"", ""title"": ""DraftKings"", ""last_update"": ""2025-01-14T18:25:24Z"", ""markets"": [{""key"": ""h2h"", ""last_update"": ""2025-01-14T18:25:24Z"", ""outcomes"": [{""name"": ""Fulham"", ""price"": 2.5}, {""name"": ""West Ham United"", ""price"": 2.9}, {""name"": ""Draw"", ""price"": 3.35}]}]}, {""key"": ""betmgm"", ""title"": ""BetMGM"", ""last_update"": ""2025-01-14T18:25:25Z"", ""markets"": [{""key"": ""h2h"", ""last_update"": ""2025-01-14T18:25:25Z"", ""outcomes"": [{""name"": ""Fulham"", ""price"": 2.5}, {""name"": ""West Ham United"", ""price"": 2.85}, {""name"": ""Draw"", ""price"": 3.25}]}]}, {""key"": ""lowvig"", ""title"": ""LowVig.ag"", ""last_update"": ""2025-01-14T18:25:25Z"", ""markets"": [{""key"": ""h2h"", ""last_update"": ""2025-01-14T18:25:25Z"", ""outcomes"": [{""name"": ""Fulham"", ""price"": 2.53}, {""name"": ""West Ham United"", ""price"": 2.91}, {""name"": ""Draw"", ""price"": 3.38}]}]}, {""key"": ""betonlineag"", ""title"": ""BetOnline.ag"", ""last_update"": ""2025-01-14T18:25:25Z"", ""markets"": [{""key"": ""h2h"", ""last_update"": ""2025-01-14T18:25:25Z"", ""outcomes"": [{""name"": ""Fulham"", ""price"": 2.53}, {""name"": ""West Ham United"", ""price"": 2.91}, {""name"": ""Draw"", ""price"": 3.38}]}]}, {""key"": ""betus"", ""title"": ""BetUS"", ""last_update"": ""2025-01-14T18:25:26Z"", ""markets"": [{""key"": ""h2h"", ""last_update"": ""2025-01-14T18:25:26Z"", ""outcomes"": [{""name"": ""Fulham"", ""price"": 2.5}, {""name"": ""West Ham United"", ""price"": 2.85}, {""name"": ""Draw"", ""price"": 3.35}]}]}]}}"
19134560,24523,b694a68b4da30ea78e1bfa60d7be6208,https://api.the-odds-api.com/v4/historical/sports/soccer_epl/events/b694a68b4da30ea78e1bfa60d7be6208/odds,200,2025-01-14T18:25:38Z,,2026-04-27T06:44:17.593531+00:00,h2h,us,fanduel,Bournemouth:5.7;Chelsea:1.51;Draw:4.7,matched_with_odds_t60,"{""timestamp"": ""2025-01-14T18:25:38Z"", ""previous_timestamp"": ""2025-01-14T18:20:38Z"", ""next_timestamp"": ""2025-01-14T18:30:38Z"", ""data"": {""id"": ""b694a68b4da30ea78e1bfa60d7be6208"", ""sport_key"": ""soccer_epl"", ""sport_title"": ""EPL"", ""commence_time"": ""2025-01-14T19:30:00Z"", ""home_team"": ""Chelsea"", ""away_team"": ""Bournemouth"", ""bookmakers"": [{""key"": ""fanduel"", ""title"": ""FanDuel"", ""last_update"": ""2025-01-14T18:25:25Z"", ""markets"": [{""key"": ""h2h"", ""last_update"": ""2025-01-14T18:25:25Z"", ""outcomes"": [{""name"": ""Bournemouth"", ""price"": 5.7}, {""name"": ""Chelsea"", ""price"": 1.51}, {""name"": ""Draw"", ""price"": 4.7}]}]}, {""key"": ""mybookieag"", ""title"": ""MyBookie.ag"", ""last_update"": ""2025-01-14T18:24:16Z"", ""markets"": [{""key"": ""h2h"", ""last_update"": ""2025-01-14T18:24:16Z"", ""outcomes"": [{""name"": ""Bournemouth"", ""price"": 5.4}, {""name"": ""Chelsea"", ""price"": 1.51}, {""name"": ""Draw"", ""price"": 4.9}]}]}, {""key"": ""bovada"", ""title"": ""Bovada"", ""last_update"": ""2025-01-14T18:25:24Z"", ""markets"": [{""key"": ""h2h"", ""last_update"": ""2025-01-14T18:25:24Z"", ""outcomes"": [{""name"": ""Bournemouth"", ""price"": 5.4}, {""name"": ""Chelsea"", ""price"": 1.51}, {""name"": ""Draw"", ""price"": 5.0}]}]}, {""key"": ""betrivers"", ""title"": ""BetRivers"", ""last_update"": ""2025-01-14T18:25:25Z"", ""markets"": [{""key"": ""h2h"", ""last_update"": ""2025-01-14T18:25:25Z"", ""outcomes"": [{""name"": ""Bournemouth"", ""price"": 5.6}, {""name"": ""Chelsea"", ""price"": 1.5}, {""name"": ""Draw"", ""price"": 4.6}]}]}, {""key"": ""draftkings"", ""title"": ""DraftKings"", ""last_update"": ""2025-01-14T18:25:24Z"", ""markets"": [{""key"": ""h2h"", ""last_update"": ""2025-01-14T18:25:24Z"", ""outcomes"": [{""name"": ""Bournemouth"", ""price"": 5.5}, {""name"": ""Chelsea"", ""price"": 1.53}, {""name"": ""Draw"", ""price"": 4.7}]}]}, {""key"": ""betmgm"", ""title"": ""BetMGM"", ""last_update"": ""2025-01-14T18:25:25Z"", ""markets"": [{""key"": ""h2h"", ""last_update"": ""2025-01-14T18:25:25Z"", ""outcomes"": [{""name"": ""Bournemouth"", ""price"": 5.75}, {""name"": ""Chelsea"", ""price"": 1.48}, {""name"": ""Draw"", ""price"": 4.8}]}]}, {""key"": ""lowvig"", ""title"": ""LowVig.ag"", ""last_update"": ""2025-01-14T18:25:25Z"", ""markets"": [{""key"": ""h2h"", ""last_update"": ""2025-01-14T18:25:25Z"", ""outcomes"": [{""name"": ""Bournemouth"", ""price"": 5.7}, {""name"": ""Chelsea"", ""price"": 1.53}, {""name"": ""Draw"", ""price"": 4.8}]}]}, {""key"": ""betonlineag"", ""title"": ""BetOnline.ag"", ""last_update"": ""2025-01-14T18:25:25Z"", ""markets"": [{""key"": ""h2h"", ""last_update"": ""2025-01-14T18:25:25Z"", ""outcomes"": [{""name"": ""Bournemouth"", ""price"": 5.7}, {""name"": ""Chelsea"", ""price"": 1.53}, {""name"": ""Draw"", ""price"": 4.8}]}]}, {""key"": ""betus"", ""title"": ""BetUS"", ""last_update"": ""2025-01-14T18:25:26Z"", ""markets"": [{""key"": ""h2h"", ""last_update"": ""2025-01-14T18:25:26Z"", ""outcomes"": [{""name"": ""Bournemouth"", ""price"": 5.55}, {""name"": ""Chelsea"", ""price"": 1.51}, {""name"": ""Draw"", ""price"": 4.9}]}]}]}}"
19134561,24524,c88ab8eae714e18c07dff785f0dce8f7,https://api.the-odds-api.com/v4/historical/sports/soccer_epl/events/c88ab8eae714e18c07dff785f0dce8f7/odds,200,2025-01-15T18:25:40Z,,2026-04-27T06:44:18.786154+00:00,h2h,us,fanduel,Newcastle United:1.38;Wolverhampton Wanderers:7.0;Draw:5.0,matched_with_odds_t60,"{""timestamp"": ""2025-01-15T18:25:40Z"", ""previous_timestamp"": ""2025-01-15T18:20:41Z"", ""next_timestamp"": ""2025-01-15T18:30:38Z"", ""data"": {""id"": ""c88ab8eae714e18c07dff785f0dce8f7"", ""sport_key"": ""soccer_epl"", ""sport_title"": ""EPL"", ""commence_time"": ""2025-01-15T19:30:00Z"", ""home_team"": ""Newcastle United"", ""away_team"": ""Wolverhampton Wanderers"", ""bookmakers"": [{""key"": ""fanduel"", ""title"": ""FanDuel"", ""last_update"": ""2025-01-15T18:23:11Z"", ""markets"": [{""key"": ""h2h"", ""last_update"": ""2025-01-15T18:23:11Z"", ""outcomes"": [{""name"": ""Newcastle United"", ""price"": 1.38}, {""name"": ""Wolverhampton Wanderers"", ""price"": 7.0}, {""name"": ""Draw"", ""price"": 5.0}]}]}, {""key"": ""mybookieag"", ""title"": ""MyBookie.ag"", ""last_update"": ""2025-01-15T18:23:11Z"", ""markets"": [{""key"": ""h2h"", ""last_update"": ""2025-01-15T18:23:11Z"", ""outcomes"": [{""name"": ""Newcastle United"", ""price"": 1.46}, {""name"": ""Wolverhampton Wanderers"", ""price"": 6.1}, {""name"": ""Draw"", ""price"": 4.9}]}]}, {""key"": ""bovada"", ""title"": ""Bovada"", ""last_update"": ""2025-01-15T18:24:27Z"", ""markets"": [{""key"": ""h2h"", ""last_update"": ""2025-01-15T18:24:27Z"", ""outcomes"": [{""name"": ""Newcastle United"", ""price"": 1.43}, {""name"": ""Wolverhampton Wanderers"", ""price"": 6.25}, {""name"": ""Draw"", ""price"": 5.2}]}]}, {""key"": ""betrivers"", ""title"": ""BetRivers"", ""last_update"": ""2025-01-15T18:24:27Z"", ""markets"": [{""key"": ""h2h"", ""last_update"": ""2025-01-15T18:24:27Z"", ""outcomes"": [{""name"": ""Newcastle United"", ""price"": 1.4}, {""name"": ""Wolverhampton Wanderers"", ""price"": 8.0}, {""name"": ""Draw"", ""price"": 4.8}]}]}, {""key"": ""draftkings"", ""title"": ""DraftKings"", ""last_update"": ""2025-01-15T18:24:27Z"", ""markets"": [{""key"": ""h2h"", ""last_update"": ""2025-01-15T18:24:27Z"", ""outcomes"": [{""name"": ""Newcastle United"", ""price"": 1.42}, {""name"": ""Wolverhampton Wanderers"", ""price"": 7.0}, {""name"": ""Draw"", ""price"": 5.0}]}]}, {""key"": ""betmgm"", ""title"": ""BetMGM"", ""last_update"": ""2025-01-15T18:24:28Z"", ""markets"": [{""key"": ""h2h"", ""last_update"": ""2025-01-15T18:24:28Z"", ""outcomes"": [{""name"": ""Newcastle United"", ""price"": 1.4}, {""name"": ""Wolverhampton Wanderers"", ""price"": 6.75}, {""name"": ""Draw"", ""price"": 5.0}]}]}, {""key"": ""betus"", ""title"": ""BetUS"", ""last_update"": ""2025-01-15T18:24:28Z"", ""markets"": [{""key"": ""h2h"", ""last_update"": ""2025-01-15T18:24:28Z"", ""outcomes"": [{""name"": ""Newcastle United"", ""price"": 1.4}, {""name"": ""Wolverhampton Wanderers"", ""price"": 7.13}, {""name"": ""Draw"", ""price"": 4.99}]}]}, {""key"": ""lowvig"", ""title"": ""LowVig.ag"", ""last_update"": ""2025-01-15T18:24:27Z"", ""markets"": [{""key"": ""h2h"", ""last_update"": ""2025-01-15T18:24:27Z"", ""outcomes"": [{""name"": ""Newcastle United"", ""price"": 1.4}, {""name"": ""Wolverhampton Wanderers"", ""price"": 7.85}, {""name"": ""Draw"", ""price"": 5.15}]}]}, {""key"": ""betonlineag"", ""title"": ""BetOnline.ag"", ""last_update"": ""2025-01-15T18:24:27Z"", ""markets"": [{""key"": ""h2h"", ""last_update"": ""2025-01-15T18:24:27Z"", ""outcomes"": [{""name"": ""Newcastle United"", ""price"": 1.4}, {""name"": ""Wolverhampton Wanderers"", ""price"": 7.85}, {""name"": ""Draw"", ""price"": 5.15}]}]}]}}"
19134562,24525,c0d2e03efe17c5c5256480e7366e95d8,https://api.the-odds-api.com/v4/historical/sports/soccer_epl/events/c0d2e03efe17c5c5256480e7366e95d8/odds,200,2025-01-16T18:55:38Z,,2026-04-27T06:44:19.976955+00:00,h2h,us,fanduel,Manchester United:1.26;Southampton:11.0;Draw:5.9,matched_with_odds_t60,"{""timestamp"": ""2025-01-16T18:55:38Z"", ""previous_timestamp"": ""2025-01-16T18:50:38Z"", ""next_timestamp"": ""2025-01-16T19:00:38Z"", ""data"": {""id"": ""c0d2e03efe17c5c5256480e7366e95d8"", ""sport_key"": ""soccer_epl"", ""sport_title"": ""EPL"", ""commence_time"": ""2025-01-16T20:00:00Z"", ""home_team"": ""Manchester United"", ""away_team"": ""Southampton"", ""bookmakers"": [{""key"": ""fanduel"", ""title"": ""FanDuel"", ""last_update"": ""2025-01-16T18:54:58Z"", ""markets"": [{""key"": ""h2h"", ""last_update"": ""2025-01-16T18:54:58Z"", ""outcomes"": [{""name"": ""Manchester United"", ""price"": 1.26}, {""name"": ""Southampton"", ""price"": 11.0}, {""name"": ""Draw"", ""price"": 5.9}]}]}, {""key"": ""mybookieag"", ""title"": ""MyBookie.ag"", ""last_update"": ""2025-01-16T18:55:30Z"", ""markets"": [{""key"": ""h2h"", ""last_update"": ""2025-01-16T18:55:30Z"", ""outcomes"": [{""name"": ""Manchester United"", ""price"": 1.3}, {""name"": ""Southampton"", ""price"": 9.0}, {""name"": ""Draw"", ""price"": 5.8}]}]}, {""key"": ""bovada"", ""title"": ""Bovada"", ""last_update"": ""2025-01-16T18:54:57Z"", ""markets"": [{""key"": ""h2h"", ""last_update"": ""2025-01-16T18:54:57Z"", ""outcomes"": [{""name"": ""Manchester United"", ""price"": 1.27}, {""name"": ""Southampton"", ""price"": 10.0}, {""name"": ""Draw"", ""price"": 6.0}]}]}, {""key"": ""betrivers"", ""title"": ""BetRivers"", ""last_update"": ""2025-01-16T18:54:58Z"", ""markets"": [{""key"": ""h2h"", ""last_update"": ""2025-01-16T18:54:58Z"", ""outcomes"": [{""name"": ""Manchester United"", ""price"": 1.24}, {""name"": ""Southampton"", ""price"": 12.5}, {""name"": ""Draw"", ""price"": 5.8}]}]}, {""key"": ""draftkings"", ""title"": ""DraftKings"", ""last_update"": ""2025-01-16T18:54:57Z"", ""markets"": [{""key"": ""h2h"", ""last_update"": ""2025-01-16T18:54:57Z"", ""outcomes"": [{""name"": ""Manchester United"", ""price"": 1.3}, {""name"": ""Southampton"", ""price"": 9.5}, {""name"": ""Draw"", ""price"": 5.75}]}]}, {""key"": ""betus"", ""title"": ""BetUS"", ""last_update"": ""2025-01-16T18:55:30Z"", ""markets"": [{""key"": ""h2h"", ""last_update"": ""2025-01-16T18:55:30Z"", ""outcomes"": [{""name"": ""Manchester United"", ""price"": 1.27}, {""name"": ""Southampton"", ""price"": 10.45}, {""name"": ""Draw"", ""price"": 5.95}]}]}]}}"
19134563,24526,dcd9ccf1cee3446c8efc8ed5d70763bc,https://api.the-odds-api.com/v4/historical/sports/soccer_epl/events/dcd9ccf1cee3446c8efc8ed5d70763bc/odds,200,2025-02-01T13:55:38Z,,2026-04-27T06:44:21.183669+00:00,h2h,us,mybookieag,Bournemouth:4.3;Liverpool:1.71;Draw:4.3,matched_with_odds_t60,"{""timestamp"": ""2025-02-01T13:55:38Z"", ""previous_timestamp"": ""2025-02-01T13:50:38Z"", ""next_timestamp"": ""2025-02-01T14:00:38Z"", ""data"": {""id"": ""dcd9ccf1cee3446c8efc8ed5d70763bc"", ""sport_key"": ""soccer_epl"", ""sport_title"": ""EPL"", ""commence_time"": ""2025-02-01T15:00:00Z"", ""home_team"": ""Bournemouth"", ""away_team"": ""Liverpool"", ""bookmakers"": [{""key"": ""mybookieag"", ""title"": ""MyBookie.ag"", ""last_update"": ""2025-02-01T13:55:06Z"", ""markets"": [{""key"": ""h2h"", ""last_update"": ""2025-02-01T13:55:06Z"", ""outcomes"": [{""name"": ""Bournemouth"", ""price"": 4.3}, {""name"": ""Liverpool"", ""price"": 1.71}, {""name"": ""Draw"", ""price"": 4.3}]}]}, {""key"": ""fanduel"", ""title"": ""FanDuel"", ""last_update"": ""2025-02-01T13:55:07Z"", ""markets"": [{""key"": ""h2h"", ""last_update"": ""2025-02-01T13:55:07Z"", ""outcomes"": [{""name"": ""Bournemouth"", ""price"": 4.5}, {""name"": ""Liverpool"", ""price"": 1.69}, {""name"": ""Draw"", ""price"": 4.2}]}]}, {""key"": ""bovada"", ""title"": ""Bovada"", ""last_update"": ""2025-02-01T13:55:06Z"", ""markets"": [{""key"": ""h2h"", ""last_update"": ""2025-02-01T13:55:06Z"", ""outcomes"": [{""name"": ""Bournemouth"", ""price"": 4.5}, {""name"": ""Liverpool"", ""price"": 1.67}, {""name"": ""Draw"", ""price"": 4.4}]}]}, {""key"": ""betmgm"", ""title"": ""BetMGM"", ""last_update"": ""2025-02-01T13:55:06Z"", ""markets"": [{""key"": ""h2h"", ""last_update"": ""2025-02-01T13:55:06Z"", ""outcomes"": [{""name"": ""Bournemouth"", ""price"": 4.2}, {""name"": ""Liverpool"", ""price"": 1.71}, {""name"": ""Draw"", ""price"": 4.2}]}]}, {""key"": ""betrivers"", ""title"": ""BetRivers"", ""last_update"": ""2025-02-01T13:55:06Z"", ""markets"": [{""key"": ""h2h"", ""last_update"": ""2025-02-01T13:55:06Z"", ""outcomes"": [{""name"": ""Bournemouth"", ""price"": 4.5}, {""name"": ""Liverpool"", ""price"": 1.68}, {""name"": ""Draw"", ""price"": 4.2}]}]}, {""key"": ""draftkings"", ""title"": ""DraftKings"", ""last_update"": ""2025-02-01T13:55:06Z"", ""markets"": [{""key"": ""h2h"", ""last_update"": ""2025-02-01T13:55:06Z"", ""outcomes"": [{""name"": ""Bournemouth"", ""price"": 4.4}, {""name"": ""Liverpool"", ""price"": 1.71}, {""name"": ""Draw"", ""price"": 4.2}]}]}, {""key"": ""betonlineag"", ""title"": ""BetOnline.ag"", ""last_update"": ""2025-02-01T13:55:06Z"", ""markets"": [{""key"": ""h2h"", ""last_update"": ""2025-02-01T13:55:06Z"", ""outcomes"": [{""name"": ""Bournemouth"", ""price"": 4.42}, {""name"": ""Liverpool"", ""price"": 1.74}, {""name"": ""Draw"", ""price"": 4.25}]}]}, {""key"": ""lowvig"", ""title"": ""LowVig.ag"", ""last_update"": ""2025-02-01T13:55:06Z"", ""markets"": [{""key"": ""h2h"", ""last_update"": ""2025-02-01T13:55:06Z"", ""outcomes"": [{""name"": ""Bournemouth"", ""price"": 4.42}, {""name"": ""Liverpool"", ""price"": 1.74}, {""name"": ""Draw"", ""price"": 4.25}]}]}, {""key"": ""betus"", ""title"": ""BetUS"", ""last_update"": ""2025-02-01T13:55:07Z"", ""markets"": [{""key"": ""h2h"", ""last_update"": ""2025-02-01T13:55:07Z"", ""outcomes"": [{""name"": ""Bournemouth"", ""price"": 4.35}, {""name"": ""Liverpool"", ""price"": 1.69}, {""name"": ""Draw"", ""price"": 4.33}]}]}]}}"
19134564,24527,7cf32c37f7ab0d579f45fb83e1d6bc94,https://api.the-odds-api.com/v4/historical/sports/soccer_epl/events/7cf32c37f7ab0d579f45fb83e1d6bc94/odds,200,2025-02-02T15:25:37Z,,2026-04-27T06:44:22.421677+00:00,h2h,us,mybookieag,Arsenal:1.93;Manchester City:3.95;Draw:3.6,matched_with_odds_t60,"{""timestamp"": ""2025-02-02T15:25:37Z"", ""previous_timestamp"": ""2025-02-02T15:20:37Z"", ""next_timestamp"": ""2025-02-02T15:30:37Z"", ""data"": {""id"": ""7cf32c37f7ab0d579f45fb83e1d6bc94"", ""sport_key"": ""soccer_epl"", ""sport_title"": ""EPL"", ""commence_time"": ""2025-02-02T16:30:00Z"", ""home_team"": ""Arsenal"", ""away_team"": ""Manchester City"", ""bookmakers"": [{""key"": ""mybookieag"", ""title"": ""MyBookie.ag"", ""last_update"": ""2025-02-02T15:25:35Z"", ""markets"": [{""key"": ""h2h"", ""last_update"": ""2025-02-02T15:25:35Z"", ""outcomes"": [{""name"": ""Arsenal"", ""price"": 1.93}, {""name"": ""Manchester City"", ""price"": 3.95}, {""name"": ""Draw"", ""price"": 3.6}]}]}, {""key"": ""fanduel"", ""title"": ""FanDuel"", ""last_update"": ""2025-02-02T15:25:35Z"", ""markets"": [{""key"": ""h2h"", ""last_update"": ""2025-02-02T15:25:35Z"", ""outcomes"": [{""name"": ""Arsenal"", ""price"": 1.87}, {""name"": ""Manchester City"", ""price"": 4.0}, {""name"": ""Draw"", ""price"": 3.8}]}]}, {""key"": ""betmgm"", ""title"": ""BetMGM"", ""last_update"": ""2025-02-02T15:25:36Z"", ""markets"": [{""key"": ""h2h"", ""last_update"": ""2025-02-02T15:25:36Z"", ""outcomes"": [{""name"": ""Arsenal"", ""price"": 1.91}, {""name"": ""Manchester City"", ""price"": 3.8}, {""name"": ""Draw"", ""price"": 3.6}]}]}, {""key"": ""bovada"", ""title"": ""Bovada"", ""last_update"": ""2025-02-02T15:25:35Z"", ""markets"": [{""key"": ""h2h"", ""last_update"": ""2025-02-02T15:25:35Z"", ""outcomes"": [{""name"": ""Arsenal"", ""price"": 2.0}, {""name"": ""Manchester City"", ""price"": 3.65}, {""name"": ""Draw"", ""price"": 3.7}]}]}, {""key"": ""draftkings"", ""title"": ""DraftKings"", ""last_update"": ""2025-02-02T15:25:35Z"", ""markets"": [{""key"": ""h2h"", ""last_update"": ""2025-02-02T15:25:35Z"", ""outcomes"": [{""name"": ""Arsenal"", ""price"": 1.91}, {""name"": ""Manchester City"", ""price"": 3.85}, {""name"": ""Draw"", ""price"": 3.75}]}]}, {""key"": ""betrivers"", ""title"": ""BetRivers"", ""last_update"": ""2025-02-02T15:25:35Z"", ""markets"": [{""key"": ""h2h"", ""last_update"": ""2025-02-02T15:25:35Z"", ""outcomes"": [{""name"": ""Arsenal"", ""price"": 1.87}, {""name"": ""Manchester City"", ""price"": 4.1}, {""name"": ""Draw"", ""price"": 3.6}]}]}, {""key"": ""lowvig"", ""title"": ""LowVig.ag"", ""last_update"": ""2025-02-02T15:25:35Z"", ""markets"": [{""key"": ""h2h"", ""last_update"": ""2025-02-02T15:25:35Z"", ""outcomes"": [{""name"": ""Arsenal"", ""price"": 1.93}, {""name"": ""Manchester City"", ""price"": 3.98}, {""name"": ""Draw"", ""price"": 3.78}]}]}, {""key"": ""betonlineag"", ""title"": ""BetOnline.ag"", ""last_update"": ""2025-02-02T15:25:35Z"", ""markets"": [{""key"": ""h2h"", ""last_update"": ""2025-02-02T15:25:35Z"", ""outcomes"": [{""name"": ""Arsenal"", ""price"": 1.93}, {""name"": ""Manchester City"", ""price"": 3.98}, {""name"": ""Draw"", ""price"": 3.78}]}]}, {""key"": ""betus"", ""title"": ""BetUS"", ""last_update"": ""2025-02-02T15:25:36Z"", ""markets"": [{""key"": ""h2h"", ""last_update"": ""2025-02-02T15:25:36Z"", ""outcomes"": [{""name"": ""Arsenal"", ""price"": 1.86}, {""name"": ""Manchester City"", ""price"": 4.1}, {""name"": ""Draw"", ""price"": 3.85}]}]}]}}"
19134565,24528,cb89a2512a95c00a953cfa0a6ce8485b,https://api.the-odds-api.com/v4/historical/sports/soccer_epl/events/cb89a2512a95c00a953cfa0a6ce8485b/odds,200,2025-02-02T12:55:37Z,,2026-04-27T06:44:23.801734+00:00,h2h,us,betmgm,Brentford:2.0;Tottenham Hotspur:3.25;Draw:3.9,matched_with_odds_t60,"{""timestamp"": ""2025-02-02T12:55:37Z"", ""previous_timestamp"": ""2025-02-02T12:50:37Z"", ""next_timestamp"": ""2025-02-02T13:00:37Z"", ""data"": {""id"": ""cb89a2512a95c00a953cfa0a6ce8485b"", ""sport_key"": ""soccer_epl"", ""sport_title"": ""EPL"", ""commence_time"": ""2025-02-02T14:00:00Z"", ""home_team"": ""Brentford"", ""away_team"": ""Tottenham Hotspur"", ""bookmakers"": [{""key"": ""betmgm"", ""title"": ""BetMGM"", ""last_update"": ""2025-02-02T12:53:45Z"", ""markets"": [{""key"": ""h2h"", ""last_update"": ""2025-02-02T12:53:45Z"", ""outcomes"": [{""name"": ""Brentford"", ""price"": 2.0}, {""name"": ""Tottenham Hotspur"", ""price"": 3.25}, {""name"": ""Draw"", ""price"": 3.9}]}]}, {""key"": ""mybookieag"", ""title"": ""MyBookie.ag"", ""last_update"": ""2025-02-02T12:53:45Z"", ""markets"": [{""key"": ""h2h"", ""last_update"": ""2025-02-02T12:53:45Z"", ""outcomes"": [{""name"": ""Brentford"", ""price"": 2.09}, {""name"": ""Tottenham Hotspur"", ""price"": 3.16}, {""name"": ""Draw"", ""price"": 3.9}]}]}, {""key"": ""bovada"", ""title"": ""Bovada"", ""last_update"": ""2025-02-02T12:54:56Z"", ""markets"": [{""key"": ""h2h"", ""last_update"": ""2025-02-02T12:54:56Z"", ""outcomes"": [{""name"": ""Brentford"", ""price"": 2.05}, {""name"": ""Tottenham Hotspur"", ""price"": 3.2}, {""name"": ""Draw"", ""price"": 4.0}]}]}, {""key"": ""fanduel"", ""title"": ""FanDuel"", ""last_update"": ""2025-02-02T12:54:57Z"", ""markets"": [{""key"": ""h2h"", ""last_update"": ""2025-02-02T12:54:57Z"", ""outcomes"": [{""name"": ""Brentford"", ""price"": 1.95}, {""name"": ""Tottenham Hotspur"", ""price"": 3.4}, {""name"": ""Draw"", ""price"": 4.0}]}]}, {""key"": ""draftkings"", ""title"": ""DraftKings"", ""last_update"": ""2025-02-02T12:54:57Z"", ""markets"": [{""key"": ""h2h"", ""last_update"": ""2025-02-02T12:54:57Z"", ""outcomes"": [{""name"": ""Brentford"", ""price"": 2.05}, {""name"": ""Tottenham Hotspur"", ""price"": 3.1}, {""name"": ""Draw"", ""price"": 4.0}]}]}, {""key"": ""betrivers"", ""title"": ""BetRivers"", ""last_update"": ""2025-02-02T12:54:57Z"", ""markets"": [{""key"": ""h2h"", ""last_update"": ""2025-02-02T12:54:57Z"", ""outcomes"": [{""name"": ""Brentford"", ""price"": 2.02}, {""name"": ""Tottenham Hotspur"", ""price"": 3.3}, {""name"": ""Draw"", ""price"": 3.9}]}]}, {""key"": ""betonlineag"", ""title"": ""BetOnline.ag"", ""last_update"": ""2025-02-02T12:54:56Z"", ""markets"": [{""key"": ""h2h"", ""last_update"": ""2025-02-02T12:54:56Z"", ""outcomes"": [{""name"": ""Brentford"", ""price"": 2.04}, {""name"": ""Tottenham Hotspur"", ""price"": 3.4}, {""name"": ""Draw"", ""price"": 3.98}]}]}, {""key"": ""lowvig"", ""title"": ""LowVig.ag"", ""last_update"": ""2025-02-02T12:54:56Z"", ""markets"": [{""key"": ""h2h"", ""last_update"": ""2025-02-02T12:54:56Z"", ""outcomes"": [{""name"": ""Brentford"", ""price"": 2.04}, {""name"": ""Tottenham Hotspur"", ""price"": 3.4}, {""name"": ""Draw"", ""price"": 3.98}]}]}, {""key"": ""betus"", ""title"": ""BetUS"", ""last_update"": ""2025-02-02T12:54:57Z"", ""markets"": [{""key"": ""h2h"", ""last_update"": ""2025-02-02T12:54:57Z"", ""outcomes"": [{""name"": ""Brentford"", ""price"": 2.0}, {""name"": ""Tottenham Hotspur"", ""price"": 3.3}, {""name"": ""Draw"", ""price"": 4.05}]}]}]}}"
19134566,24529,5d8d1bd6bff03e18bb71924f0e2072bc,https://api.the-odds-api.com/v4/historical/sports/soccer_epl/events/5d8d1bd6bff03e18bb71924f0e2072bc/odds,200,2025-02-03T18:55:38Z,,2026-04-27T06:44:25.021915+00:00,h2h,us,mybookieag,Chelsea:1.29;West Ham United:8.5;Draw:6.2,matched_with_odds_t60,"{""timestamp"": ""2025-02-03T18:55:38Z"", ""previous_timestamp"": ""2025-02-03T18:50:38Z"", ""next_timestamp"": ""2025-02-03T19:00:38Z"", ""data"": {""id"": ""5d8d1bd6bff03e18bb71924f0e2072bc"", ""sport_key"": ""soccer_epl"", ""sport_title"": ""EPL"", ""commence_time"": ""2025-02-03T20:00:00Z"", ""home_team"": ""Chelsea"", ""away_team"": ""West Ham United"", ""bookmakers"": [{""key"": ""mybookieag"", ""title"": ""MyBookie.ag"", ""last_update"": ""2025-02-03T18:55:18Z"", ""markets"": [{""key"": ""h2h"", ""last_update"": ""2025-02-03T18:55:18Z"", ""outcomes"": [{""name"": ""Chelsea"", ""price"": 1.29}, {""name"": ""West Ham United"", ""price"": 8.5}, {""name"": ""Draw"", ""price"": 6.2}]}]}, {""key"": ""betmgm"", ""title"": ""BetMGM"", ""last_update"": ""2025-02-03T18:53:59Z"", ""markets"": [{""key"": ""h2h"", ""last_update"": ""2025-02-03T18:53:59Z"", ""outcomes"": [{""name"": ""Chelsea"", ""price"": 1.29}, {""name"": ""West Ham United"", ""price"": 9.25}, {""name"": ""Draw"", ""price"": 6.0}]}]}, {""key"": ""fanduel"", ""title"": ""FanDuel"", ""last_update"": ""2025-02-03T18:55:19Z"", ""markets"": [{""key"": ""h2h"", ""last_update"": ""2025-02-03T18:55:19Z"", ""outcomes"": [{""name"": ""Chelsea"", ""price"": 1.29}, {""name"": ""West Ham United"", ""price"": 9.0}, {""name"": ""Draw"", ""price"": 6.0}]}]}, {""key"": ""bovada"", ""title"": ""Bovada"", ""last_update"": ""2025-02-03T18:55:18Z"", ""markets"": [{""key"": ""h2h"", ""last_update"": ""2025-02-03T18:55:18Z"", ""outcomes"": [{""name"": ""Chelsea"", ""price"": 1.29}, {""name"": ""West Ham United"", ""price"": 8.25}, {""name"": ""Draw"", ""price"": 6.25}]}]}, {""key"": ""draftkings"", ""title"": ""DraftKings"", ""last_update"": ""2025-02-03T18:55:18Z"", ""markets"": [{""key"": ""h2h"", ""last_update"": ""2025-02-03T18:55:18Z"", ""outcomes"": [{""name"": ""Chelsea"", ""price"": 1.3}, {""name"": ""West Ham United"", ""price"": 8.5}, {""name"": ""Draw"", ""price"": 6.0}]}]}, {""key"": ""betrivers"", ""title"": ""BetRivers"", ""last_update"": ""2025-02-03T18:55:19Z"", ""markets"": [{""key"": ""h2h"", ""last_update"": ""2025-02-03T18:55:19Z"", ""outcomes"": [{""name"": ""Chelsea"", ""price"": 1.3}, {""name"": ""West Ham United"", ""price"": 9.0}, {""name"": ""Draw"", ""price"": 5.75}]}]}, {""key"": ""lowvig"", ""title"": ""LowVig.ag"", ""last_update"": ""2025-02-03T18:55:18Z"", ""markets"": [{""key"": ""h2h"", ""last_update"": ""2025-02-03T18:55:18Z"", ""outcomes"": [{""name"": ""Chelsea"", ""price"": 1.3}, {""name"": ""West Ham United"", ""price"": 9.35}, {""name"": ""Draw"", ""price"": 6.2}]}]}, {""key"": ""betonlineag"", ""title"": ""BetOnline.ag"", ""last_update"": ""2025-02-03T18:55:18Z"", ""markets"": [{""key"": ""h2h"", ""last_update"": ""2025-02-03T18:55:18Z"", ""outcomes"": [{""name"": ""Chelsea"", ""price"": 1.3}, {""name"": ""West Ham United"", ""price"": 9.35}, {""name"": ""Draw"", ""price"": 6.2}]}]}, {""key"": ""betus"", ""title"": ""BetUS"", ""last_update"": ""2025-02-03T18:55:19Z"", ""markets"": [{""key"": ""h2h"", ""last_update"": ""2025-02-03T18:55:19Z"", ""outcomes"": [{""name"": ""Chelsea"", ""price"": 1.29}, {""name"": ""West Ham United"", ""price"": 9.0}, {""name"": ""Draw"", ""price"": 6.05}]}]}]}}"
19134567,24530,c140e60a16a6b3763c14edf8447ff1d3,https://api.the-odds-api.com/v4/historical/sports/soccer_epl/events/c140e60a16a6b3763c14edf8447ff1d3/odds,200,2025-02-01T13:55:38Z,,2026-04-27T06:44:26.269271+00:00,h2h,us,bovada,Everton:1.91;Leicester City:4.2;Draw:3.45,matched_with_odds_t60,"{""timestamp"": ""2025-02-01T13:55:38Z"", ""previous_timestamp"": ""2025-02-01T13:50:38Z"", ""next_timestamp"": ""2025-02-01T14:00:38Z"", ""data"": {""id"": ""c140e60a16a6b3763c14edf8447ff1d3"", ""sport_key"": ""soccer_epl"", ""sport_title"": ""EPL"", ""commence_time"": ""2025-02-01T15:00:00Z"", ""home_team"": ""Everton"", ""away_team"": ""Leicester City"", ""bookmakers"": [{""key"": ""bovada"", ""title"": ""Bovada"", ""last_update"": ""2025-02-01T13:55:06Z"", ""markets"": [{""key"": ""h2h"", ""last_update"": ""2025-02-01T13:55:06Z"", ""outcomes"": [{""name"": ""Everton"", ""price"": 1.91}, {""name"": ""Leicester City"", ""price"": 4.2}, {""name"": ""Draw"", ""price"": 3.45}]}]}, {""key"": ""mybookieag"", ""title"": ""MyBookie.ag"", ""last_update"": ""2025-02-01T13:55:06Z"", ""markets"": [{""key"": ""h2h"", ""last_update"": ""2025-02-01T13:55:06Z"", ""outcomes"": [{""name"": ""Everton"", ""price"": 1.95}, {""name"": ""Leicester City"", ""price"": 4.2}, {""name"": ""Draw"", ""price"": 3.32}]}]}, {""key"": ""fanduel"", ""title"": ""FanDuel"", ""last_update"": ""2025-02-01T13:55:07Z"", ""markets"": [{""key"": ""h2h"", ""last_update"": ""2025-02-01T13:55:07Z"", ""outcomes"": [{""name"": ""Everton"", ""price"": 1.95}, {""name"": ""Leicester City"", ""price"": 4.4}, {""name"": ""Draw"", ""price"": 3.2}]}]}, {""key"": ""draftkings"", ""title"": ""DraftKings"", ""last_update"": ""2025-02-01T13:55:06Z"", ""markets"": [{""key"": ""h2h"", ""last_update"": ""2025-02-01T13:55:06Z"", ""outcomes"": [{""name"": ""Everton"", ""price"": 1.91}, {""name"": ""Leicester City"", ""price"": 4.3}, {""name"": ""Draw"", ""price"": 3.35}]}]}, {""key"": ""betrivers"", ""title"": ""BetRivers"", ""last_update"": ""2025-02-01T13:55:06Z"", ""markets"": [{""key"": ""h2h"", ""last_update"": ""2025-02-01T13:55:06Z"", ""outcomes"": [{""name"": ""Everton"", ""price"": 1.92}, {""name"": ""Leicester City"", ""price"": 4.5}, {""name"": ""Draw"", ""price"": 3.25}]}]}, {""key"": ""betonlineag"", ""title"": ""BetOnline.ag"", ""last_update"": ""2025-02-01T13:55:06Z"", ""markets"": [{""key"": ""h2h"", ""last_update"": ""2025-02-01T13:55:06Z"", ""outcomes"": [{""name"": ""Everton"", ""price"": 1.98}, {""name"": ""Leicester City"", ""price"": 4.35}, {""name"": ""Draw"", ""price"": 3.33}]}]}, {""key"": ""lowvig"", ""title"": ""LowVig.ag"", ""last_update"": ""2025-02-01T13:55:06Z"", ""markets"": [{""key"": ""h2h"", ""last_update"": ""2025-02-01T13:55:06Z"", ""outcomes"": [{""name"": ""Everton"", ""price"": 1.98}, {""name"": ""Leicester City"", ""price"": 4.35}, {""name"": ""Draw"", ""price"": 3.33}]}]}, {""key"": ""betus"", ""title"": ""BetUS"", ""last_update"": ""2025-02-01T13:55:07Z"", ""markets"": [{""key"": ""h2h"", ""last_update"": ""2025-02-01T13:55:07Z"", ""outcomes"": [{""name"": ""Everton"", ""price"": 1.91}, {""name"": ""Leicester City"", ""price"": 4.4}, {""name"": ""Draw"", ""price"": 3.35}]}]}]}}"
19134568,24531,45b8fa0377eb343eae2eb72d106d3369,https://api.the-odds-api.com/v4/historical/sports/soccer_epl/events/45b8fa0377eb343eae2eb72d106d3369/odds,200,2025-02-01T13:55:38Z,,2026-04-27T06:44:27.524432+00:00,h2h,us,fanduel,Ipswich Town:2.05;Southampton:3.7;Draw:3.4,matched_with_odds_t60,"{""timestamp"": ""2025-02-01T13:55:38Z"", ""previous_timestamp"": ""2025-02-01T13:50:38Z"", ""next_timestamp"": ""2025-02-01T14:00:38Z"", ""data"": {""id"": ""45b8fa0377eb343eae2eb72d106d3369"", ""sport_key"": ""soccer_epl"", ""sport_title"": ""EPL"", ""commence_time"": ""2025-02-01T15:00:00Z"", ""home_team"": ""Ipswich Town"", ""away_team"": ""Southampton"", ""bookmakers"": [{""key"": ""fanduel"", ""title"": ""FanDuel"", ""last_update"": ""2025-02-01T13:55:07Z"", ""markets"": [{""key"": ""h2h"", ""last_update"": ""2025-02-01T13:55:07Z"", ""outcomes"": [{""name"": ""Ipswich Town"", ""price"": 2.05}, {""name"": ""Southampton"", ""price"": 3.7}, {""name"": ""Draw"", ""price"": 3.4}]}]}, {""key"": ""mybookieag"", ""title"": ""MyBookie.ag"", ""last_update"": ""2025-02-01T13:55:06Z"", ""markets"": [{""key"": ""h2h"", ""last_update"": ""2025-02-01T13:55:06Z"", ""outcomes"": [{""name"": ""Ipswich Town"", ""price"": 2.1}, {""name"": ""Southampton"", ""price"": 3.55}, {""name"": ""Draw"", ""price"": 3.42}]}]}, {""key"": ""bovada"", ""title"": ""Bovada"", ""last_update"": ""2025-02-01T13:55:06Z"", ""markets"": [{""key"": ""h2h"", ""last_update"": ""2025-02-01T13:55:06Z"", ""outcomes"": [{""name"": ""Ipswich Town"", ""price"": 2.1}, {""name"": ""Southampton"", ""price"": 3.55}, {""name"": ""Draw"", ""price"": 3.5}]}]}, {""key"": ""draftkings"", ""title"": ""DraftKings"", ""last_update"": ""2025-02-01T13:55:06Z"", ""markets"": [{""key"": ""h2h"", ""last_update"": ""2025-02-01T13:55:06Z"", ""outcomes"": [{""name"": ""Ipswich Town"", ""price"": 2.05}, {""name"": ""Southampton"", ""price"": 3.55}, {""name"": ""Draw"", ""price"": 3.5}]}]}, {""key"": ""betrivers"", ""title"": ""BetRivers"", ""last_update"": ""2025-02-01T13:55:06Z"", ""markets"": [{""key"": ""h2h"", ""last_update"": ""2025-02-01T13:55:06Z"", ""outcomes"": [{""name"": ""Ipswich Town"", ""price"": 2.05}, {""name"": ""Southampton"", ""price"": 3.75}, {""name"": ""Draw"", ""price"": 3.35}]}]}, {""key"": ""lowvig"", ""title"": ""LowVig.ag"", ""last_update"": ""2025-02-01T13:55:06Z"", ""markets"": [{""key"": ""h2h"", ""last_update"": ""2025-02-01T13:55:06Z"", ""outcomes"": [{""name"": ""Ipswich Town"", ""price"": 2.07}, {""name"": ""Southampton"", ""price"": 3.78}, {""name"": ""Draw"", ""price"": 3.48}]}]}, {""key"": ""betonlineag"", ""title"": ""BetOnline.ag"", ""last_update"": ""2025-02-01T13:55:06Z"", ""markets"": [{""key"": ""h2h"", ""last_update"": ""2025-02-01T13:55:06Z"", ""outcomes"": [{""name"": ""Ipswich Town"", ""price"": 2.07}, {""name"": ""Southampton"", ""price"": 3.78}, {""name"": ""Draw"", ""price"": 3.48}]}]}, {""key"": ""betus"", ""title"": ""BetUS"", ""last_update"": ""2025-02-01T13:55:07Z"", ""markets"": [{""key"": ""h2h"", ""last_update"": ""2025-02-01T13:55:07Z"", ""outcomes"": [{""name"": ""Ipswich Town"", ""price"": 2.05}, {""name"": ""Southampton"", ""price"": 3.65}, {""name"": ""Draw"", ""price"": 3.45}]}]}]}}"
19134569,24532,adea8e333c106f66a194808040fb6bb7,https://api.the-odds-api.com/v4/historical/sports/soccer_epl/events/adea8e333c106f66a194808040fb6bb7/odds,200,2025-02-02T12:55:37Z,,2026-04-27T06:44:28.765674+00:00,h2h,us,mybookieag,Crystal Palace:4.5;Manchester United:1.81;Draw:3.65,matched_with_odds_t60,"{""timestamp"": ""2025-02-02T12:55:37Z"", ""previous_timestamp"": ""2025-02-02T12:50:37Z"", ""next_timestamp"": ""2025-02-02T13:00:37Z"", ""data"": {""id"": ""adea8e333c106f66a194808040fb6bb7"", ""sport_key"": ""soccer_epl"", ""sport_title"": ""EPL"", ""commence_time"": ""2025-02-02T14:00:00Z"", ""home_team"": ""Manchester United"", ""away_team"": ""Crystal Palace"", ""bookmakers"": [{""key"": ""mybookieag"", ""title"": ""MyBookie.ag"", ""last_update"": ""2025-02-02T12:53:45Z"", ""markets"": [{""key"": ""h2h"", ""last_update"": ""2025-02-02T12:53:45Z"", ""outcomes"": [{""name"": ""Crystal Palace"", ""price"": 4.5}, {""name"": ""Manchester United"", ""price"": 1.81}, {""name"": ""Draw"", ""price"": 3.65}]}]}, {""key"": ""fanduel"", ""title"": ""FanDuel"", ""last_update"": ""2025-02-02T12:54:57Z"", ""markets"": [{""key"": ""h2h"", ""last_update"": ""2025-02-02T12:54:57Z"", ""outcomes"": [{""name"": ""Crystal Palace"", ""price"": 4.5}, {""name"": ""Manchester United"", ""price"": 1.8}, {""name"": ""Draw"", ""price"": 3.6}]}]}, {""key"": ""betmgm"", ""title"": ""BetMGM"", ""last_update"": ""2025-02-02T12:53:45Z"", ""markets"": [{""key"": ""h2h"", ""last_update"": ""2025-02-02T12:53:45Z"", ""outcomes"": [{""name"": ""Crystal Palace"", ""price"": 4.4}, {""name"": ""Manchester United"", ""price"": 1.8}, {""name"": ""Draw"", ""price"": 3.6}]}]}, {""key"": ""bovada"", ""title"": ""Bovada"", ""last_update"": ""2025-02-02T12:54:56Z"", ""markets"": [{""key"": ""h2h"", ""last_update"": ""2025-02-02T12:54:56Z"", ""outcomes"": [{""name"": ""Crystal Palace"", ""price"": 4.4}, {""name"": ""Manchester United"", ""price"": 1.83}, {""name"": ""Draw"", ""price"": 3.65}]}]}, {""key"": ""draftkings"", ""title"": ""DraftKings"", ""last_update"": ""2025-02-02T12:54:57Z"", ""markets"": [{""key"": ""h2h"", ""last_update"": ""2025-02-02T12:54:57Z"", ""outcomes"": [{""name"": ""Crystal Palace"", ""price"": 4.4}, {""name"": ""Manchester United"", ""price"": 1.83}, {""name"": ""Draw"", ""price"": 3.7}]}]}, {""key"": ""betrivers"", ""title"": ""BetRivers"", ""last_update"": ""2025-02-02T12:54:57Z"", ""markets"": [{""key"": ""h2h"", ""last_update"": ""2025-02-02T12:54:57Z"", ""outcomes"": [{""name"": ""Crystal Palace"", ""price"": 4.6}, {""name"": ""Manchester United"", ""price"": 1.81}, {""name"": ""Draw"", ""price"": 3.55}]}]}, {""key"": ""lowvig"", ""title"": ""LowVig.ag"", ""last_update"": ""2025-02-02T12:54:56Z"", ""markets"": [{""key"": ""h2h"", ""last_update"": ""2025-02-02T12:54:56Z"", ""outcomes"": [{""name"": ""Crystal Palace"", ""price"": 4.55}, {""name"": ""Manchester United"", ""price"": 1.85}, {""name"": ""Draw"", ""price"": 3.65}]}]}, {""key"": ""betonlineag"", ""title"": ""BetOnline.ag"", ""last_update"": ""2025-02-02T12:54:56Z"", ""markets"": [{""key"": ""h2h"", ""last_update"": ""2025-02-02T12:54:56Z"", ""outcomes"": [{""name"": ""Crystal Palace"", ""price"": 4.55}, {""name"": ""Manchester United"", ""price"": 1.85}, {""name"": ""Draw"", ""price"": 3.65}]}]}, {""key"": ""betus"", ""title"": ""BetUS"", ""last_update"": ""2025-02-02T12:54:57Z"", ""markets"": [{""key"": ""h2h"", ""last_update"": ""2025-02-02T12:54:57Z"", ""outcomes"": [{""name"": ""Crystal Palace"", ""price"": 4.45}, {""name"": ""Manchester United"", ""price"": 1.8}, {""name"": ""Draw"", ""price"": 3.7}]}]}]}}"
19134570,24533,426c5fb93830174e20de3f6325d5ad45,https://api.the-odds-api.com/v4/historical/sports/soccer_epl/events/426c5fb93830174e20de3f6325d5ad45/odds,200,2025-02-01T13:55:38Z,,2026-04-27T06:44:29.983151+00:00,h2h,us,mybookieag,Fulham:4.7;Newcastle United:1.71;Draw:3.95,matched_with_odds_t60,"{""timestamp"": ""2025-02-01T13:55:38Z"", ""previous_timestamp"": ""2025-02-01T13:50:38Z"", ""next_timestamp"": ""2025-02-01T14:00:38Z"", ""data"": {""id"": ""426c5fb93830174e20de3f6325d5ad45"", ""sport_key"": ""soccer_epl"", ""sport_title"": ""EPL"", ""commence_time"": ""2025-02-01T15:00:00Z"", ""home_team"": ""Newcastle United"", ""away_team"": ""Fulham"", ""bookmakers"": [{""key"": ""mybookieag"", ""title"": ""MyBookie.ag"", ""last_update"": ""2025-02-01T13:55:06Z"", ""markets"": [{""key"": ""h2h"", ""last_update"": ""2025-02-01T13:55:06Z"", ""outcomes"": [{""name"": ""Fulham"", ""price"": 4.7}, {""name"": ""Newcastle United"", ""price"": 1.71}, {""name"": ""Draw"", ""price"": 3.95}]}]}, {""key"": ""fanduel"", ""title"": ""FanDuel"", ""last_update"": ""2025-02-01T13:55:07Z"", ""markets"": [{""key"": ""h2h"", ""last_update"": ""2025-02-01T13:55:07Z"", ""outcomes"": [{""name"": ""Fulham"", ""price"": 5.1}, {""name"": ""Newcastle United"", ""price"": 1.69}, {""name"": ""Draw"", ""price"": 3.7}]}]}, {""key"": ""bovada"", ""title"": ""Bovada"", ""last_update"": ""2025-02-01T13:55:06Z"", ""markets"": [{""key"": ""h2h"", ""last_update"": ""2025-02-01T13:55:06Z"", ""outcomes"": [{""name"": ""Fulham"", ""price"": 4.6}, {""name"": ""Newcastle United"", ""price"": 1.71}, {""name"": ""Draw"", ""price"": 4.0}]}]}, {""key"": ""betmgm"", ""title"": ""BetMGM"", ""last_update"": ""2025-02-01T13:55:06Z"", ""markets"": [{""key"": ""h2h"", ""last_update"": ""2025-02-01T13:55:06Z"", ""outcomes"": [{""name"": ""Fulham"", ""price"": 4.6}, {""name"": ""Newcastle United"", ""price"": 1.71}, {""name"": ""Draw"", ""price"": 3.9}]}]}, {""key"": ""draftkings"", ""title"": ""DraftKings"", ""last_update"": ""2025-02-01T13:55:06Z"", ""markets"": [{""key"": ""h2h"", ""last_update"": ""2025-02-01T13:55:06Z"", ""outcomes"": [{""name"": ""Fulham"", ""price"": 4.8}, {""name"": ""Newcastle United"", ""price"": 1.71}, {""name"": ""Draw"", ""price"": 3.9}]}]}, {""key"": ""betrivers"", ""title"": ""BetRivers"", ""last_update"": ""2025-02-01T13:55:06Z"", ""markets"": [{""key"": ""h2h"", ""last_update"": ""2025-02-01T13:55:06Z"", ""outcomes"": [{""name"": ""Fulham"", ""price"": 5.0}, {""name"": ""Newcastle United"", ""price"": 1.7}, {""name"": ""Draw"", ""price"": 3.85}]}]}, {""key"": ""lowvig"", ""title"": ""LowVig.ag"", ""last_update"": ""2025-02-01T13:55:06Z"", ""markets"": [{""key"": ""h2h"", ""last_update"": ""2025-02-01T13:55:06Z"", ""outcomes"": [{""name"": ""Fulham"", ""price"": 5.2}, {""name"": ""Newcastle United"", ""price"": 1.72}, {""name"": ""Draw"", ""price"": 3.8}]}]}, {""key"": ""betonlineag"", ""title"": ""BetOnline.ag"", ""last_update"": ""2025-02-01T13:55:06Z"", ""markets"": [{""key"": ""h2h"", ""last_update"": ""2025-02-01T13:55:06Z"", ""outcomes"": [{""name"": ""Fulham"", ""price"": 5.2}, {""name"": ""Newcastle United"", ""price"": 1.72}, {""name"": ""Draw"", ""price"": 3.8}]}]}, {""key"": ""betus"", ""title"": ""BetUS"", ""last_update"": ""2025-02-01T13:55:07Z"", ""markets"": [{""key"": ""h2h"", ""last_update"": ""2025-02-01T13:55:07Z"", ""outcomes"": [{""name"": ""Fulham"", ""price"": 4.85}, {""name"": ""Newcastle United"", ""price"": 1.71}, {""name"": ""Draw"", ""price"": 3.9}]}]}]}}"
19134571,24534,b3e08ef3342b0358cea9c82eabbc68a9,https://api.the-odds-api.com/v4/historical/sports/soccer_epl/events/b3e08ef3342b0358cea9c82eabbc68a9/odds,200,2025-02-01T11:25:39Z,,2026-04-27T06:44:31.434631+00:00,h2h,us,fanduel,Brighton and Hove Albion:2.8;Nottingham Forest:2.5;Draw:3.3,matched_with_odds_t60,"{""timestamp"": ""2025-02-01T11:25:39Z"", ""previous_timestamp"": ""2025-02-01T11:20:38Z"", ""next_timestamp"": ""2025-02-01T11:30:38Z"", ""data"": {""id"": ""b3e08ef3342b0358cea9c82eabbc68a9"", ""sport_key"": ""soccer_epl"", ""sport_title"": ""EPL"", ""commence_time"": ""2025-02-01T12:30:00Z"", ""home_team"": ""Nottingham Forest"", ""away_team"": ""Brighton and Hove Albion"", ""bookmakers"": [{""key"": ""fanduel"", ""title"": ""FanDuel"", ""last_update"": ""2025-02-01T11:24:46Z"", ""markets"": [{""key"": ""h2h"", ""last_update"": ""2025-02-01T11:24:46Z"", ""outcomes"": [{""name"": ""Brighton and Hove Albion"", ""price"": 2.8}, {""name"": ""Nottingham Forest"", ""price"": 2.5}, {""name"": ""Draw"", ""price"": 3.3}]}]}, {""key"": ""mybookieag"", ""title"": ""MyBookie.ag"", ""last_update"": ""2025-02-01T11:24:43Z"", ""markets"": [{""key"": ""h2h"", ""last_update"": ""2025-02-01T11:24:43Z"", ""outcomes"": [{""name"": ""Brighton and Hove Albion"", ""price"": 2.77}, {""name"": ""Nottingham Forest"", ""price"": 2.53}, {""name"": ""Draw"", ""price"": 3.4}]}]}, {""key"": ""betmgm"", ""title"": ""BetMGM"", ""last_update"": ""2025-02-01T11:24:44Z"", ""markets"": [{""key"": ""h2h"", ""last_update"": ""2025-02-01T11:24:44Z"", ""outcomes"": [{""name"": ""Brighton and Hove Albion"", ""price"": 2.8}, {""name"": ""Nottingham Forest"", ""price"": 2.45}, {""name"": ""Draw"", ""price"": 3.4}]}]}, {""key"": ""bovada"", ""title"": ""Bovada"", ""last_update"": ""2025-02-01T11:24:43Z"", ""markets"": [{""key"": ""h2h"", ""last_update"": ""2025-02-01T11:24:43Z"", ""outcomes"": [{""name"": ""Brighton and Hove Albion"", ""price"": 2.75}, {""name"": ""Nottingham Forest"", ""price"": 2.5}, {""name"": ""Draw"", ""price"": 3.35}]}]}, {""key"": ""betrivers"", ""title"": ""BetRivers"", ""last_update"": ""2025-02-01T11:24:44Z"", ""markets"": [{""key"": ""h2h"", ""last_update"": ""2025-02-01T11:24:44Z"", ""outcomes"": [{""name"": ""Brighton and Hove Albion"", ""price"": 2.88}, {""name"": ""Nottingham Forest"", ""price"": 2.5}, {""name"": ""Draw"", ""price"": 3.25}]}]}, {""key"": ""draftkings"", ""title"": ""DraftKings"", ""last_update"": ""2025-02-01T11:24:43Z"", ""markets"": [{""key"": ""h2h"", ""last_update"": ""2025-02-01T11:24:43Z"", ""outcomes"": [{""name"": ""Brighton and Hove Albion"", ""price"": 2.8}, {""name"": ""Nottingham Forest"", ""price"": 2.55}, {""name"": ""Draw"", ""price"": 3.35}]}]}, {""key"": ""lowvig"", ""title"": ""LowVig.ag"", ""last_update"": ""2025-02-01T11:24:44Z"", ""markets"": [{""key"": ""h2h"", ""last_update"": ""2025-02-01T11:24:44Z"", ""outcomes"": [{""name"": ""Brighton and Hove Albion"", ""price"": 2.91}, {""name"": ""Nottingham Forest"", ""price"": 2.52}, {""name"": ""Draw"", ""price"": 3.4}]}]}, {""key"": ""betonlineag"", ""title"": ""BetOnline.ag"", ""last_update"": ""2025-02-01T11:25:13Z"", ""markets"": [{""key"": ""h2h"", ""last_update"": ""2025-02-01T11:25:13Z"", ""outcomes"": [{""name"": ""Brighton and Hove Albion"", ""price"": 2.91}, {""name"": ""Nottingham Forest"", ""price"": 2.52}, {""name"": ""Draw"", ""price"": 3.4}]}]}, {""key"": ""betus"", ""title"": ""BetUS"", ""last_update"": ""2025-02-01T11:24:44Z"", ""markets"": [{""key"": ""h2h"", ""last_update"": ""2025-02-01T11:24:44Z"", ""outcomes"": [{""name"": ""Brighton and Hove Albion"", ""price"": 2.8}, {""name"": ""Nottingham Forest"", ""price"": 2.5}, {""name"": ""Draw"", ""price"": 3.4}]}]}]}}"
19134578,24541,0c766818d41310b014e4fb977ee7b93a,https://api.the-odds-api.com/v4/historical/sports/soccer_epl/events/0c766818d41310b014e4fb977ee7b93a/odds,200,2025-02-16T12:55:38Z,,2026-04-27T06:44:32.523104+00:00,h2h,us,mybookieag,Liverpool:1.26;Wolverhampton Wanderers:10.1;Draw:6.4,matched_with_odds_t60,"{""timestamp"": ""2025-02-16T12:55:38Z"", ""previous_timestamp"": ""2025-02-16T12:50:38Z"", ""next_timestamp"": ""2025-02-16T13:00:37Z"", ""data"": {""id"": ""0c766818d41310b014e4fb977ee7b93a"", ""sport_key"": ""soccer_epl"", ""sport_title"": ""EPL"", ""commence_time"": ""2025-02-16T14:00:00Z"", ""home_team"": ""Liverpool"", ""away_team"": ""Wolverhampton Wanderers"", ""bookmakers"": [{""key"": ""mybookieag"", ""title"": ""MyBookie.ag"", ""last_update"": ""2025-02-16T12:55:05Z"", ""markets"": [{""key"": ""h2h"", ""last_update"": ""2025-02-16T12:55:05Z"", ""outcomes"": [{""name"": ""Liverpool"", ""price"": 1.26}, {""name"": ""Wolverhampton Wanderers"", ""price"": 10.1}, {""name"": ""Draw"", ""price"": 6.4}]}]}, {""key"": ""fanduel"", ""title"": ""FanDuel"", ""last_update"": ""2025-02-16T12:55:06Z"", ""markets"": [{""key"": ""h2h"", ""last_update"": ""2025-02-16T12:55:06Z"", ""outcomes"": [{""name"": ""Liverpool"", ""price"": 1.22}, {""name"": ""Wolverhampton Wanderers"", ""price"": 12.0}, {""name"": ""Draw"", ""price"": 6.5}]}]}, {""key"": ""bovada"", ""title"": ""Bovada"", ""last_update"": ""2025-02-16T12:55:05Z"", ""markets"": [{""key"": ""h2h"", ""last_update"": ""2025-02-16T12:55:05Z"", ""outcomes"": [{""name"": ""Liverpool"", ""price"": 1.22}, {""name"": ""Wolverhampton Wanderers"", ""price"": 11.0}, {""name"": ""Draw"", ""price"": 7.25}]}]}, {""key"": ""draftkings"", ""title"": ""DraftKings"", ""last_update"": ""2025-02-16T12:55:05Z"", ""markets"": [{""key"": ""h2h"", ""last_update"": ""2025-02-16T12:55:05Z"", ""outcomes"": [{""name"": ""Liverpool"", ""price"": 1.26}, {""name"": ""Wolverhampton Wanderers"", ""price"": 10.5}, {""name"": ""Draw"", ""price"": 6.5}]}]}, {""key"": ""betrivers"", ""title"": ""BetRivers"", ""last_update"": ""2025-02-16T12:55:05Z"", ""markets"": [{""key"": ""h2h"", ""last_update"": ""2025-02-16T12:55:05Z"", ""outcomes"": [{""name"": ""Liverpool"", ""price"": 1.23}, {""name"": ""Wolverhampton Wanderers"", ""price"": 12.5}, {""name"": ""Draw"", ""price"": 6.4}]}]}, {""key"": ""lowvig"", ""title"": ""LowVig.ag"", ""last_update"": ""2025-02-16T12:55:05Z"", ""markets"": [{""key"": ""h2h"", ""last_update"": ""2025-02-16T12:55:05Z"", ""outcomes"": [{""name"": ""Liverpool"", ""price"": 1.24}, {""name"": ""Wolverhampton Wanderers"", ""price"": 11.25}, {""name"": ""Draw"", ""price"": 7.05}]}]}, {""key"": ""betonlineag"", ""title"": ""BetOnline.ag"", ""last_update"": ""2025-02-16T12:55:05Z"", ""markets"": [{""key"": ""h2h"", ""last_update"": ""2025-02-16T12:55:05Z"", ""outcomes"": [{""name"": ""Liverpool"", ""price"": 1.24}, {""name"": ""Wolverhampton Wanderers"", ""price"": 11.25}, {""name"": ""Draw"", ""price"": 7.05}]}]}, {""key"": ""betmgm"", ""title"": ""BetMGM"", ""last_update"": ""2025-02-16T12:55:06Z"", ""markets"": [{""key"": ""h2h"", ""last_update"": ""2025-02-16T12:55:06Z"", ""outcomes"": [{""name"": ""Liverpool"", ""price"": 1.25}, {""name"": ""Wolverhampton Wanderers"", ""price"": 10.5}, {""name"": ""Draw"", ""price"": 6.5}]}]}, {""key"": ""betus"", ""title"": ""BetUS"", ""last_update"": ""2025-02-16T12:55:06Z"", ""markets"": [{""key"": ""h2h"", ""last_update"": ""2025-02-16T12:55:06Z"", ""outcomes"": [{""name"": ""Liverpool"", ""price"": 1.24}, {""name"": ""Wolverhampton Wanderers"", ""price"": 10.8}, {""name"": ""Draw"", ""price"": 6.6}]}]}]}}"
